clean_review,verified_purchase_encoded,review_length_bin,sentiment
great love,1,Short,1
lots ads slow processing speed occasionally shuts apps wifi keeps authentication issues cheap tablet know,0,Short,0
excellent unit versatility tablet besides competitively priced solution elderly poor eyesight physical disabilities associated age using supporting add features allows user stay touch changing world realistic add keyboard see use cannot wait use fire hd show computer created work sheets class instructions students hmdi good copiers reams paper farwell costly printer inks oh yes much gain back takes little effort learn open book read noel,1,Long,1
bought amazon prime ended buying gb one camera okay love edit features pictures amazonnetflixhuliu run smoothly tablet internet runs lot faster tablet happy tablet come couple disappointments wanted make sure people aware amazon prime member thought amazon prime could read lot books free kindle disappointed see borrow one kindle book month free also one main reasons purchased tablet kids love plants vs zombies games kids quite disappointed plants vs zombies available fire also gamesapps looking forward using available fire available previous cheaper neutab tablet looking forward using tablet recommend people ask apps looking forward using buying,0,Long,1
amazon products continue meet expectations,1,Short,1
good product like,1,Short,1
kindle works well battery goes dead quickly youd expect really version previous kindle weighs less internet browser works considerably better previous still issues loading certain websites popup ads challenge times older version good product serves purpose well wouldnt rave,1,Medium,1
really enjoy new kindle easy use offers plenty useful entertaining activities,1,Short,1
wanted performs perfectly everything works great menu system awful id go stars menu system better,1,Short,1
made well like looks style,1,Short,1
yes met needs stars,1,Short,1
old kindles one lot love,0,Short,1
great product,1,Short,1
complaint kindle camera takes grainy pictures trying everything fix problem pictures good,1,Short,1
got promotional price good worried last android device real turkey main purpose reader downloaded everything fairly fast problems overdrive app really need traveling perfect size screen resolution great sure sound quality yet expect good apple phones amazon really bends backwards keep prime customers happy really appreciate good service,0,Medium,1
love product,1,Short,1
really like using hd display used features yet used live,1,Short,1
everything expected already gotten hours entertainment information much easier read paperbacks especially vacation,0,Short,1
nice tablet disappointed see deliberately made using chromecast impossible,1,Short,0
dont waste money buying kindle fire hd youll better buying tablet market kindle limited amazon purposely doesnt allow downloads apps arent amazon market place tablet soooo many problems slow connection internet connection internet possible much time slow connection videos games etc support reading problems owners huge favor buy anything else mine gift wellmeaning son,0,Long,0
still slow glitchy first edition fire still flash compatible renders browser useless freezes constantly crap battery life regularly occuring issues loading page last incredibly disappointing,1,Medium,0
love wish could download books without internet service like could keyboard kindle,1,Short,1
doesnt much space thought,1,Short,0
excellent device hd top notch sound great would definately recommend fire hd,1,Short,1
learn use,1,Short,0
im happy new kindle fire however second one little year first kindle cannot used since refuses charge happy,1,Short,1
thought would ask professional set new kindle fire hd able program kindle easily previous books already clouds also able download songs enjoying kindle fire hd,1,Medium,1
great item,1,Short,1
finally gave replaced paperwhite fire really loved paperwhite think im going love well use every day get little upset accidentally leave home dont one best purchases ive made,0,Medium,1
perfect size great capabilities excited made choice finally purchase one,0,Short,1
weve bought several family members,0,Short,1
kindle addiction,0,Short,1
wont stay connected wifi constantly log matter public home etc,0,Short,0
unit came directions use kind dont know use guess buy kindle,1,Short,0
overall good kids dont take advantage things things confusing like apps loaded given profiles app uses space must loaded profile app taking space places profile delete app main profile delete others kids profile seem get removed device screen still shows settingsits really confusing,1,Medium,1
everything wanted,1,Short,1
works well fast using much yet case comes fear scratching fab display,1,Short,1
good value operating system little buggy periodically crashes requires rebooting,1,Short,0
find easy use regular kindle fire reading kindle freezes hold side also get brighten darken text reading lastly advertisements come every time turn hd kindle fire annoying,1,Medium,0
returned prefer open android tablet far qualityit amazon never disappoint strict amazonian tablet stars personal choice quality,1,Short,0
love convenient use library download books done long time ago,1,Short,1
generation perfected placement ports fast operation excellent sound love new kindle fire hd,1,Short,1
cant personalize connect google,1,Short,0
gift much appreciated love,1,Short,1
sound amazing video best dont bother watching news television anymore go straight kindle fire,1,Short,1
kindle like little computer lite carry n pocketbook n take u everywhere site comes n clear n safe use device laptop cant wait explore else offer,1,Medium,1
good choice,0,Short,1
like everything except dont think battery lasts long one,1,Short,1
five stars one request make easier exit full screen,1,Short,1
easy use books easy read carry everywhere,1,Short,1
love everything wanted kindle,1,Short,1
great tablet amazon love new changes hd speed,1,Short,1
two one us love,1,Short,1
rd kindle first reading nd kindle fire really liked enough storage capacity got kindle fire hd storage ill need books games use anything want internet great product,0,Medium,1
third kindle loved kindle support sucks device rocks,1,Short,1
two kindle fires connect wifi finally get connect lasts minutes tried everything fix nothing works never buy another kindle fire amazon doesnt offer help fix problem,1,Medium,0
old kindle actually better onethe speakers one stinksound distorted fuzzy bestit sounds speakers blown day got itits fourth generation buy wouldnt,1,Medium,0
love fire,1,Short,1
far good wanted small reader could also used access email looks like fill bill able travel leave laptop home love usb port,1,Medium,1
bad assemble barely works,1,Short,0
lve tablet little different get used love clear screen nice hold durable,1,Short,1
cumbersome use ads pop time carousel hinders helps like use hard copy instruction manuals cannot find way print one ordered one think amazon prime great fire ok buy money,1,Medium,0
received kindle fire last week still getting used learning new things far great second fire third kindle thoroughly love avid reader would rather read kindle book,1,Medium,1
great product hard find good case,0,Short,1
much faster screen bigger,1,Short,1
love device tried many times still cant get wechat installed kindle fire help,1,Short,1
works great couldnt happier,1,Short,1
returned item,1,Short,0
rd kindle received birthday first one gave niece nephew nd one gave son love everything need prime membership access many free things movies songs picture quality dramatically improved first one carry time kudos amazon cant wait next big upgrade,0,Medium,1
great bought granddaughters replacement big enough always saying delete roomplus thought black like old ones dont care white,1,Short,0
gift grandson loves,1,Short,1
mother bought started problems months bought well quit working days year mark refuse replace told us pay replacement said dont even fix productswhy would sell product cannot repair mom fixed income cannot afford buy another one different kindle products moment getting rid going ipads least fix products,0,Medium,0
great product received earlier expected expect enjoy greatly,0,Short,1
love kindle never freezeswith tablet could even copy pasteso easy use learnturned right around let daughter get one,0,Short,1
paid price shipping already giving problems even item weekthe kindle stop freezing screen keeps going black started think received refurbished item problems device soon,1,Medium,0
love little unite far thought would,1,Short,1
limited number apps reading books ok great tablet choices available devices,1,Short,0
exceeds expectations,1,Short,1
wish buy kindle retailer could see settings show memory version instead go amazon website,1,Short,1
always loved kindle fire still,0,Short,1
gift birthday wonderful surprise tablet exceeded expectations performance wise cant get enough would recommend everyone must,1,Short,1
love upgrade,1,Short,1
birthday gift love,1,Short,1
year old love tablets,1,Short,1
crisp clear picture sleek design fast apple pad mini great things fast gamingfantastic price well give star plus,1,Short,1
love user friendly know world likes going online everything would prefer owners manual would mind paying extra,1,Short,1
great product although battery doesnt last long id like,1,Short,1
apps issue,0,Short,0
like third one,1,Short,0
good product price good quality variety features good entire family,1,Short,1
loved tablet better computer convenience,1,Short,1
love price works great much cheaper ipad battery life could bit better issue,1,Short,1
love everything need,1,Short,1
love kindle works great,1,Short,1
great little tablet bought one kids parent really like kids options amazon provides amazon freetime parental controls feel secure wont accidentally stumble something wouldnt want see tablet,0,Medium,1
camera poor downloads easy,1,Short,0
th kindle purchased past couple years gifts great tablet got one sister loves,0,Short,1
great product reasonable price amazed like inch screen booksize reading look magazines color thank developing wonderful gadget,1,Short,1
love im techie gal pretty loaded info great,1,Short,1
features first kindle fire unable figure one could tech savvy,0,Short,1
got wife spends lot time far complaints amazon special sales day tried purchase bought problems trying put cart contacted amazon explained situation sold sales price great outfit,1,Medium,1
im concerns volumn goes faint whisper short time use im going use watch something length see continues return new one necessary need return label sent dont printer touch,1,Medium,0
kindle much better one bought years ago much faster advice get gb im decide keep let go device,1,Short,1
really like fire hd luckily one single issue mine nook many years finally started problems hated part nook many great books really wanted try kindle figured download nook books kindle read nook kindle books anytime want love love love,0,Medium,1
kindle become fav amazing reading browsing movie drawback see poor camera resolution thats primary agenda anyways good tablet low price,0,Short,1
amazing sound quality tablet great love alot thought would great value,1,Short,1
love gar,1,Short,1
expectedstartup much easier expected,1,Short,1
second kindle fire already generation bought generation battery getting old one works great especially like new location control buttons much easier use volume onoff negative issue version permit use mini hdmi cable connect netflix television traveling otherwise great use laptop size great,0,Medium,1
disappointing android really google play etc available functional instagram prime free books hoped works fine reader overdrivelibrary figured download kindle use epub inexpensive prime day expectations met though,0,Medium,0
awesome starts pretty quickly compared laptop nice grab want look something dont wait around laptop start,1,Short,1
love fourth one bought one three others gifts two years problem mine called amazon instructed problem solved,1,Short,1
ive kindle month use times week already broken suddenly one day longer turned tried power hold button reset doesnt work charged hours doesnt work wish would read negative reviews see device isnt reliable still waiting hear back amazon see help fix issue new device really bummed,0,Medium,0
dont bother every time want watch video tv episode find app need compatible device damned expensive ereader able,0,Short,0
loved original fire use supplement ipad husband using amazons july sale thought pick another one original start gradually getting laggy im afraid doesnt hold quality poor battery life comparison volume isnt loud dont care placement buttons volume onoff etc price ok theyve gone quality dont expect last bad original requires frequent reboot doesnt compare ipad,0,Long,0
go tthis mother encouraged get one knows well ahve never one love turning pages book try get love like mom,1,Short,1
would buy one wit space gb enough even two yr old bought,1,Short,1
happy new tablet original version took advantage sale order,0,Short,1
lots fun tablet colors brilliant speakers great overall couldnt happier,1,Short,1
kindle hd say kindles best tablets money rival tablets cost much complaints white color nice touch,0,Short,1
far disappointing purchase amazon ever purchased child tried set teen profile teen profile slightly different toddler profile want child actually use device set himher adult thereby obtaining access content amazon ashamed touting could terrific product kid friendly freetime parental controls obviously broken parents children look elsewhere,1,Medium,0
didnt like picture quality camsvery basic camreturned within days,0,Short,0
exactly wanted love music books videos easy use love,1,Short,1
enjoy kindle fire,1,Short,1
finally retired old kindal new awesome,1,Short,1
still learning use bit guide would nice,1,Short,1
advertisements keeps making shopping icon show carousel annoying cant seem turn locator tracks everywhere app turned cant turn video quality good,1,Medium,0
havent really time play much,1,Short,1
bought kindle fire couple months ago really like problems far complaint wish sub charging cord longer thing like read tablets charging,1,Medium,1
read somewhere kindle ran android os bought prime day sale actually use customized version android os call fire get cool apps regular android tablet get basically waste money glad paid prime day price disappointing sale ever,0,Medium,0
fourth kindle last three kindle fires first lasted years accidentally cracked display granddaughter proud owner second find like two kindles hand never tethered charger try quickly sometimes uncomfortably read last chapter good book phone app okay reading emergency find quite heavy enough wake hits face fallen asleep reading newest fire gets stars finally designers thinking like actual kindle users putting power button top device instead bottom easy accidentally power cycle charging port top well nice otherwise device pretty much last one good job amazon,1,Long,1
great little tablet im happy,0,Short,1
exactly says would,0,Short,1
superb would understatement wish years ago thanks million,1,Short,1
replaced older kindle fire enjoy using new fire hd,1,Short,1
battery life exceptional lasted flight iowa oregon screen bright even sunlight,1,Short,1
runs faster toshiba laptop thats sure sound alot louder crisp use everyday,1,Short,1
still discovering bells whistles love far,0,Short,1
unit locks time tech support asked use days see keeps satisfied product,1,Short,0
excellent service product works described,0,Short,1
doesnt love fire anything ask,0,Short,1
anniversary gift loves still fast efficient seems like would good older kids well,0,Short,1
love love love wanted one years,1,Short,1
arrived already charged logged wifi set email netflix hulu hbogo minutes im moderately low tech person problems watched shows check amazed problems weird wth happening issues viewing clear crisp great taking vacation work dont miss shows emails play aps glad added payment plan didnt feel guilty buying wonder dont amazon prime monthly payments like hulu netflix dont like idea repeating allatonce big annual ach might forget going hit account havent gone prime even though also firestick tv love,0,Long,1
far good first tablet enjoy features,0,Short,1
excellent product,1,Short,1
happy tablets performance,1,Short,1
original fire new ones even better easy navigate overall lovely,1,Short,1
yes happystill checking learning ready start ordering books,1,Short,1
love way better ipad,1,Short,1
ok kind slow compared tablets default user interface actually easier use child interface,1,Short,0
econd kindel fire first one damaged accident wanted get thing happy,1,Short,1
nd kindle compared kindle fire hd believe version basically use noticed certain games available newer version like kids cant get play stuff access profiles without password moved charging port better location new kindle battery life hrs drained steady playing games surfing net graphics better clear,1,Medium,1
cool table easy use hd meets expectations battery life greatest,0,Short,1
good product problem big hands small keyboard desk top standard keyboard printer although portable works best,1,Short,1
perfect intended,1,Short,1
nice love things,1,Short,1
works grat,1,Short,1
second kindle like downloading books read great small tablet take wherever go reason gave battery needs recharged often previous kindle recommend purchasing product,0,Medium,1
fire hd hd display gb hoped many hours joy playing games reading price excellant thank amazon,1,Short,1
tablet great amazon support even better,1,Short,1
slow download capacity unit pretty good havent used fire stick im prime guest given perks prime account user pay movies,1,Short,0
nice picture simple things wanted little heavy taste samsung lighter larger screen quite bit pricey,1,Short,0
bought daughter loves everyone family second generation fire one even better,0,Short,1
awesome use every day,1,Short,1
love new kindle,0,Short,1
exactly expected,1,Short,1
im apple lover first kindleits hard get used didnt like pay get constant ads shocking like screen reading dont like cant personalize screen saver,0,Medium,1
im writing review fire tablet right great little device mainly reading pleasantly surprised much could really like came already plugged amazon account also would recommend friends family itd great buy electronic versions school books,0,Medium,1
good reading device easy use,1,Short,1
great thanks,1,Short,1
love reader,0,Short,1
gift elizabeth gave receipt return wasnt sure id want ipad thinking getting new paper white kindle fire exactly wanted amazingly isnt dumb ipad imitation find im using ipad days go figure,1,Medium,1
better samsung sorry,1,Short,1
love size perfect processor fast battery decent use time used apple im learn navigate without apps im use amazon prime music videos im never bored especially love price point,1,Medium,1
expected battery lasts forever selection books phenomenal great reader internet access sound great camera awesome havent found anything dont like worth every penny,1,Medium,1
greatest thing,0,Short,1
charge thought still good product,0,Short,0
christmas present year love,1,Short,1
dont know would without kindle,1,Short,1
previously kindle fire loved however hard read outside bought new one fire wouldnt charge anymore new hd reads well outside lighter weight yet used format hard time moving one app another sometimes seems frozen shut restart change aps like fire hd disappointed old kindle fire wouldnt charge anymore,1,Medium,1
using ipad tablet years still staying sticking ipad many aspects fire hd cheaper ok reading surfing internet apps displays advertisement amazon annoying,0,Medium,0
kindle fire hd userfriendly device particularly use reading books purchase online im particularly technological person kindle makes technology life simpler less stressful,1,Medium,1
nice cheap app store awful amazon apps awful missing popular important apps also cant customize kindle use home screen advertisement space,1,Medium,0
bought additional camera photo app ordered blue received black,1,Short,1
bought mother nursing home loves read rd kindle best far easy learn use,1,Short,1
wife loves definite step using cell phone read books,1,Short,1
lots new features like old one like charger top along turn buttom great thin lighter great haveing problems openning apps says error go old kindle works great,1,Medium,0
good book reader,1,Short,1
lasted less years warranty amazon nothing never buy another amazon product barely used locked would turn back oh yeah forget talking someone speaks english trying fix problem,1,Medium,0
bit different previous kindle fire issues time,1,Short,1
love new kindle fire really liked first one like newer improvements one,1,Short,1
nice tablet daughter loves purchased tablet special promotion best buy best tablet previously purchased bargain tablets price fire much better tablet worth additional money,1,Medium,1
love new fire,1,Short,1
ive kindle fire hd weeks love display sharp easy read explored options available ive busy reading money think really good investment,1,Medium,1
perfect size streams perfect easy carry along big enough watch videos excellent price,0,Short,1
slow learning use new fire still using paper white read books writing review fire using keyboard easy stylus expect get lot use pleasure fire long trips travel alone easier travel laptop,1,Medium,1
great product enjoy immensely easy use read,1,Short,1
unfortunately gb going enough gbs amount tv film uses tablet great people wont need use tablet much using ordered fire hd wifi gb ordered first picture clear sound excellent wish could given one returned one children tablet,1,Medium,1
gave old working fire hd hubby enjoying reading love love new kindle works perfect cover key pad makes even better great deal love amazon,1,Medium,1
camera resolution clear,1,Short,1
pleased needed update,1,Short,1
like would nice charge light like fire know done chargingand didnt turn,1,Short,1
im giving battery runs pretty fast read lot love easy access books available paper form library although also miss touching library books people also read enjoyed low cost ebooks much appreciated nice able adjust light background shade also handy games like sudoku web fingertips,1,Medium,1
better original kindle display great size perfect,0,Short,1
easy use download books apps,1,Short,1
never thought would want even like kindlebut far im playing around see im loving finally able get hold books different series love also get netflix,1,Medium,1
great graphics functionality,0,Short,1
best thing ever,1,Short,1
interesting upgrade old kindle fire wish ads,1,Short,1
wife loves,1,Short,1
love kindle family,1,Short,1
love pink color complaint amazon apps dont apps play itunes almost returned andriod really wanted kindle reading screen glare,0,Short,1
love tablet ease use unparalleled problem camera photos terrible granddaughter loves games,1,Short,1
love kindle meets needs yes wish instagram snap chat app oh well,1,Short,1
enjoy first kindle fire much ordered version replete camera nice wish memory turning quite amazon family kindle fires paperwhite fire phone use much liked,0,Medium,1
disappointed charging process holds full charge hours runs battery whether use plugged daynight still charged show low battery symbol frustrated,1,Short,0
love tablet well worth money,1,Short,1
love little small,1,Short,0
got amazon one day sale price pretty good purchase month died couldnt even factory reset get replacement amazon handled replacement great new unit came days ereader works great however tablet left desiring like extensive library ebooks like search web want think go robust tablet,1,Medium,0
excellent productmeets expectations,1,Short,1
love tablet perfect size,1,Short,1
bought fire hd prime day good price year old daughter uses barbie dress games enjoys im disappointed purchase reason cheap way free ipad paid likely would feel different still use time time shopping youtube etc always end putting aside getting ipad doesnt work nicely opinion keep giving another chance still prefer ipad mini battery life disappointing always needs charged would lose battery race long shot ipad mini,0,Long,0
enjoying new kindle far read couple books still process learning,0,Short,1
th kindle second fire first simple one second got left plane sob preordered kindle fire hd worth wait recently screen cracked called amazon see could repaired idea still warranty imagine surprise said would send replacement amazing love kindle fire hd worth every penny read anytime anywhere play games surf web watch movies best tablet ever,1,Long,1
easy use lots options nice picture quality,1,Short,1
like fire hd old kindle much better sent back,0,Short,0
love kindle fire hd previous version like one better great able take pictures perfect size,1,Short,1
im bit disappointed price great ive issues touch doesnt recognize touch sometimes games freeze playing surprised see games arent compatible device,0,Medium,0
disappointed device device one advertisement another apparent even checking email ads intrusive likely contributed slow loading pages used device knew fail,0,Medium,0
loving new kindle great graphics much better sound easy ready use,0,Short,1
great kindle fire,0,Short,1
still learning,1,Short,1
works well overall great use kindle basic surfing youre need tablet reading note taking basic web surfing isnt large expensive ipad great alternative ive mine couple weeks processor definitely bit slower ipad still gets job done amazon store missing basic apps though bit disappointing wifi device also issues disconnecting often im experiencing devices know network however id recommend someone market cheaper ipad alternative,0,Long,0
got bucks cyber monday think great watching movies reading books kindle side loading apps etc though gb space one app crazed young person fits needs battery average charges pretty fast sponsored ads version locked screen biggie bought im home needed wifi version need remember buy mobile device fit needs smartphone home computer tablet buying expensive top line product becomes redundant unnecessary saying fire hd isnt good fact great fits needs buy guarantee youll pleased,0,Long,1
cant wait till xmas think son luv,1,Short,1
gives everything could possibly want great books amazing movies pictures clear thank much amazing things make tablet really put spring life,1,Medium,1
lose much moving android tablet never,0,Short,0
love weight kindle keeps stalling end black screen thing restart charger stay hole kindle tried make much,1,Short,0
wife loves,1,Short,1
slow likes freeze would buy one raffle sticking pad,1,Short,0
read one book yet,1,Short,1
price kindle hd hard beat good picture movies good touch response still like ipad price good,1,Short,1
fire hd nice directions use came terrible someone idea use somewhere get information use need help,1,Short,1
worst kindle ive ever owned ive kindle replaced times fortunately still warranty one replacements sent worked fine couple days wouldnt turn customer service helpful quickly sent replacement times final replacement sent still issues going blank ill stick older kindle,1,Medium,0
kindle works well many apps use amazon prime gives horrible movies music havent even heard wifi barely ever works experience even says youre connected,0,Medium,0
finally bought kindle tablet id using would freeze regularly tablets particularly frustrating reading book apps froze could switch phone didnt like reading small screen kindle perfect use read also put printer docs apps syncs calendar devices id heard id busier id retired proven true really need calendar time perfect reading im treadmill gym easily fits purse followed instructions run battery monthly camera works well id give stars could,0,Long,1
kindles bought new one week ago nothing worked right goes blank screen skips pages power try bring screen back sending new one hope better buy pad mini,1,Medium,0
fire hd user friendly youre getting lot bang buck,1,Short,1
difficult hold way stand,0,Short,0
love new kindle,1,Short,1
wonderful item fast shipping,1,Short,1
im giving gift im sure person enjoy,0,Short,1
usual wonderful,1,Short,1
works fine dont know people reviews complaining pixel sizes resolution excellent eyesight cant tell difference screen excellent display,1,Short,1
birthday gift everyone enjoying easy use,1,Short,1
nice surfing web wish memory,1,Short,0
replaced first gen kindle always use improvement stars one major complaint doesnt dim enough im sure dont give us full range dimming using screen dim app success tends conflict times apps allowed use kindle read dark without getting headache got nice screen much improved first kind know fact wont last kindle much loved,1,Long,1
expected g use im within wifi range,0,Short,0
everything wanted amazing tablet even better price wait month get ordered minus great performance desing,0,Short,1
like kindle read get online really disappointed find regular android apps dont work complicated workarounds really frustrating mine pretty slow turn overall wish would gotten ipad,1,Medium,0
impressed fourth kindle family easy set rest,1,Short,1
daughter absolutely loves,1,Short,1
second fire absolutely love kindles,0,Short,1
happy productthank,1,Short,1
bought dad loves,0,Short,1
pleased met expections,0,Short,1
works great easy use,1,Short,1
ive tablet months started really get used sometimes find laggy little slow also disappointed app store doesnt much google play store really wish could use google play account apps fire overall tablet good things need getting used,0,Medium,0
excited receive new kindle ahead schedule,0,Short,1
works fine find offers disconcerting replaces original kindle fire find liked old one better,1,Short,0
got fire sale july even though wait month get deal nice quality happy looks exactly described ad person youve ever known one,1,Medium,1
great tablet price kids love set back battery drains quickly,0,Short,0
love order another one husband took,1,Short,1
purchased kindle take trip beach reached destination couldnt connect internet download books returned home everything downloaded fine fault internet server kindle im pleased fire hd,1,Medium,1
second kindle,1,Short,1
take everywhere everything need books games web surfing hd quality great,1,Short,1
bought year old granddaughtershe loves get use unless forgets bring along,1,Short,1
product easy setup easy use good say happy browse internet email good product,1,Short,1
exactly wanted happy fire hd,1,Short,1
love new kindle fire lot reading bought kf purchase books want read study hard copy way take library go sure would like small screen watching netflix turned find convenience device outweighed size issue book pardon intended pun,1,Medium,1
thing id change would get memory like music ebooks couple games theres enough hold g im happy,1,Short,1
wonderfully designed kindle use place almost paper books point screen plenty big interface intuitive easy use mini complaint cant tell kindle specify language translation dictionary default im trying learn french would nice able set english french dictionary default use highlighting word french book currently uses normal french dictionary fine would nice feature well overall yet another great product amazon,1,Long,1
love works great needs,1,Short,1
battery discharges quicklyoperating system problems weekly basis one year throw away buy something better,0,Short,0
really enjoying hd right size carry around pictures clear easy see read,0,Short,1
loved gen kindle one times better,1,Short,1
pleased rd generation kindle fire love needed gb ordered newer one app needed moon reader older version impossible download newer fire expected disappointed would like return exchange google nexus,1,Medium,0
nice tablet price apps available amazon limited works well use reading online streaming music stereo via bluetooth,1,Short,1
fire hd compact great display handy email facebook web surfing,0,Short,1
even better expected pleased purchase,0,Short,1
nice price next time would probably pay memory eliminate annoying ads otherwise enjoying using,0,Short,1
great rd fire,1,Short,1
crisp clear display fire hd super better ipadi pleasantly surprised,1,Short,1
picture near good expected definitely called hd battery good either even reading battery drains really quickly hour reading drains battery least bought gb version moves really slow lags extremely disappointed wish would saved another gotten better tablet,1,Medium,0
great deal love,1,Short,1
exceeded expectations much faster lg tablet better hd,0,Short,1
past years ive purchased one every one family one like front rear cameras believe version quicker easier use gen purchased advice prospective buyers g fine reader surfer intend use video music storage get g version however perfect help bible class bible app find references great speed,0,Medium,1
tablet since november loved first starting three months ago nothing problems tablet freezing replaced two times continue problem frustrating,1,Short,0
older fire bought one camera shouldnt camera good pictures crisp struggles anything perfect lighting highlights white low light gets grainy quick often fail especially blurry washouttablet works fine everything fire case feels cheaper old kindle,0,Medium,0
loved camera everything,1,Short,1
guess didnt read description clearly expected slight bigger screen black tablet kindle great however sometimes slow otherwise great,0,Short,1
loved first one one frequently freezes blacks sometimes work ready take back point purchase tried start impressed model,1,Short,0
grandson loves,1,Short,1
ever since amazon started using new people go thru returns breakage sorry say longer stand behind products,1,Short,0
first time ever buy kindle fire tablet far amazing wish memory though,1,Short,1
absolutely love ordered yr old couldnt stop grabbing older sisters great lil ones,1,Short,1
much improved original kindle fire lot bugs navigating web fast nice screen,1,Short,1
disappointed see screen outside thought screen kindle,1,Short,0
great color among many attributes,1,Short,1
first tablet dont baseline comparison enjoying experience far,1,Short,1
cheap good prompt delivery job,0,Short,1
item gift daughter thrilled love read much still learning,1,Short,1
recipient wife gave didnt particularly want glad,1,Short,1
kindle perfect reading pleasure purchased reduced price prime day arrived excellent condition difficult time syncing kindle books customer rep helpful get working still know much experiment next coming weeks,0,Medium,1
appstore pretty small compared usaual market android,0,Short,0
better expectedand way old kindle,0,Short,1
received kindle fire hd found could use headset getting audio set checked ear buds work fine old kindle contacted customer service made arrangements send another kindle sent back damaged kindle received new kindle friday earbuds work one side dont get audio sides also picture keeps flipping around unhappy new kindle contacting customer service return kindle get credit purchase send replacement would think would check everything working dealing amazon years never trouble hope able correct problem marian skindle,1,Long,0
ended getting fire hd dropped old kindle broke display experienced issues turning getting blank screen finishing book freezing restarting multiple times day annoyed seriously considering paying get old kindle fixed issues looked features see anything causing issue saw special offers feature turned sent email saying charging money turn something want first place happy yet see appear statement since turned issues thoroughly enjoyed new kindle give full due issues mentioned,1,Long,1
piece charger flawed recalled lets spade shovel shall gentleman happened toamazons customer service beyond excellent garbage wha happan amozon,1,Short,0
reading book freezes power unfreeze,1,Short,0
hate product,1,Short,0
met exceeded expectations,0,Short,1
works like old one better,1,Short,1
far love,0,Short,1
kids love,1,Short,1
bought fire hd black christmas july sale door worth price sure love size favorite apps available,0,Short,1
problem first two send thirdone far great amazon tean help greate helping solve problem,1,Short,1
bought year old son super tough loud speakers good battery life said tough mean thing dam impressive,0,Short,1
using several months im beginning get use however still learn overall like much great gift,1,Short,1
mom loved gift,1,Short,1
love kindle everything need really enjoying free apps,1,Short,1
purchased fire hd display tablets christmas gifts grandchildren well variety colors personalized one purchased variety colorful cases make tablet also downloaded apps tablet christmas arrives tablets age appropriate apps ready use although gb lot space space taken system apps removed replaced new ones fire tablet offers parental controls prevent children watching adult content love feature use work leisure downloaded adult games solitaire tetris,0,Long,1
different units like,0,Short,1
moment took box started lagging thick battery life said otherwise meet expectations also run android,1,Short,0
awesome tablet,1,Short,1
happy husband one quite sometime enjoy,0,Short,1
nifty little tablet great price,0,Short,1
old fire somethings better switch better located button color shows otherwise fire hd good,1,Short,0
battery dies twice quick already product months quite expected,1,Short,0
absolutely love perfect,1,Short,1
im still learning different features apps im bit overwhelmed definetley impressed every manufacture said would hope add review later date,0,Short,1
really liked ability read without additional lighting dwnlded games right home page turning slow tap books tap book reading takes timewould really nice book reading front pagetap go straight page left,0,Medium,1
first kindle reader far enjoy im electronically challenged found device pretty simple operate plan use reading novels pretty much exclusively,1,Short,1
love hd fast easy use,0,Short,1
love one daughters touched tip iceberg,1,Short,1
fun little pad great screen resolution,1,Short,1
rd kindle upgraded every years pleased larest version,0,Short,1
love thin light clear screen,0,Short,1
slow slow slow,0,Short,0
new tablet lot sleeker faster gotta give amazon credit main complaint fact allow google apps installed google offers many functional apps could turn tablet computer instead tablet seems useful games books may cheap tablet value since cannot use like computer might well google tablet price one amazon please support google apps allow tablet integrate google play store longer invest tablets happens,1,Long,0
like flexability view want around house,1,Short,1
got husband hes lot guess working fine,0,Short,1
love tablet wish bluetooth,0,Short,1
tremendous tablet,1,Short,1
sent two back getting one worked,1,Short,0
battery seems die fasterand seems thicker heavier,1,Short,0
extremely difficult remove air bubbles anti glare shields applying kindle fire,0,Short,0
less minutes apps running battery went called kindle support assistance one customer service able assist updated screensaver brightness battery optionsnothing worked cant close apps without forcing apps closed worstproductever,0,Medium,0
looking replacement first generation kindle old one wouldnt show pictures well new one screen perfect colors videos email apps work seamlessly also still leaning else find reading easy eyes font size changed lot bells whistles tweaking liking,1,Medium,1
amazon appstore limited wish fire hd would come google play store installed allow google play store installed,0,Short,0
device good want second one grandson latched onto first one watches lot kid stuff thought id get another one,1,Short,1
defective kind hassle replacing service people nice though maybe ill informed procedures finally figured though still problem listening customer needs contact service today th time good long standing amazon customer,1,Medium,0
disappointed kindle purchased kindle fire hd similar problems randomly freeze restart shut also difficulty power button kindle turn older kindle fire hd doesnt issues,1,Medium,0
since receiving kindle amazon last week far say pleased negatives report yet deal perfect travel containing favorite apps remove necessity lugging laptop around dont think great reading beach still nook im sure going enjoy little machine,1,Medium,1
good cannot read book outside use old one also confusing use,0,Short,0
great joy favorite authors fingertips access internet great buy,1,Short,1
dont like one half much earlier generation screen keeps going seconds turning dont respond wait around boot start lot new improvements arent intuitive helpful like volume control buttons rim force buy whole new case version buttons different places wish couldve kept older one forever batteries wear things cant replaced convenient technology advanced cant figure replacefix battery devices thanks craftygreedy amazon ive loyal amazon customer years never disappointed,1,Long,0
cant seem change amazon accounts annoying,0,Short,0
love fire hd hd tablet best tablet better tablet,1,Short,1
battery life terrible,0,Short,0
works great,1,Short,1
intuitive thought maybe im use ipad battery life great watching movies amazon prime,0,Short,0
enjoying greatly gift amazed highly recommend everyone looking buy tablet,1,Short,1
great product take bit time adjust coming ios displays arent intuitive like home screen shows apps unless select one categories top carousel believe shows recent used apps shows books wish way categorize apps within home screen quite messy silk favorite browser dont like go homes screen check something another app ie goodreads return silk search makes sense essentially think needs easier way toggle apps however kindle job big deal,1,Long,1
disappointed apps available tablet needs rootable would stars could get google store please let know info rooting kindle,0,Short,0
love awesome lil sister sent birthday gift cant thank enough avid book reader really sweet bring ever go love colors screen games fun much email take pictures fb shopjust mention,1,Medium,1
think great wish got bigger size,0,Short,1
great price gift year old loves,0,Short,1
lighter original kindle fire good hands things unable get google hangouts onoff button bit irritating almost level surrounding case therefore making hard access quite beautiful graphics vibrant colorful third kindle keeps getting better,1,Medium,1
best screen awesome watching movies audio outstanding,0,Short,1
absolutely awful product day got charged could get black screen gave options reboot b reset factory defaults tried nothing worked called amazon sent replacement exact thing happened two kindle fires brand new box neither worked wont trying rd time,1,Medium,0
kinda leary going new kindle glad made change really like easier use first generation kindle,1,Short,1
grandson forever wanting kindle preferred ds eighth birthday purchased one listens music plays games reads books loves enjoy share mine,1,Short,1
love kindle,0,Short,1
excellent product love screen size clear pictures easy navigate many available apps count,1,Short,1
excited purchase amazon anniversary pretty disappointed battery life system good enough paid would probably recommend,0,Short,0
far appears exceed expectations still learning limits still exploring,1,Short,1
low storage capacity poor camera feels like cheap plastic compared kindlefire one good thing keyboard usable worth price,0,Short,0
first tablet exceeded expectations easy use many functions thought would plusses size weight make extremely portable,1,Short,1
best happy,1,Short,1
think ridiculous cant sign email account also would liked get color wanted without ads,1,Short,0
ive nook several years always pleased performance new kindle fire performs nook especially like front rear cameras able record video,0,Short,1
good product easy learning curve cheaper alternative tablets approve,0,Short,1
great purchase wonderful upgrade basic kindle couldnt happier,0,Short,1
gb small get something bigger,1,Short,0
nice really dont like ads marketing way turn id rate higher wasnt ads polluting screen every time woke device,0,Short,0
charge battery much often user friendly kindle fire harder figure certain functions,1,Short,0
bought tablet stream video tv new tv chromecast streaming phone annoying call comes try answer phone pause streaming video time brought video paused phone stopped ringing call person back streaming amazon prime trouble phone tablet assumed would easier anything compatible chromecast tried hours cannot download simple chromecast app tablet recognize chromecast tv tablet useless streaming also webroot software provide security laptop desktop phone cannot get recognize fire tablet apparently amazon gone extremes proprietary work system device seriously considering sending back worked get webroot chromecast tablet hours today frustrated continue probably try return,0,Long,0
lasted months screen blacked,1,Short,0
never buy another amazon kindle fire etc product ever transferred different times people one could help problem kindle fire still wont work person last spoke said amazon couldnt replace meanwhile amazons fault device problem usually always buy amazon products im sure ever purchase,0,Medium,0
enjoyed moment carried,1,Short,1
impressed kindle five years old way better one bought battery original starting fade lot sooner used battery one worse older kindle regret buying,0,Medium,0
regular kindle wore afraid fire hd wasnt going good advertised surpassed expectations recommended friends,1,Short,1
really like far,0,Short,1
purchased tablet attractive price think functions well disappointed aspects tablet first advertising turn big deal fact several android apps dont work device true impact particular lack support google chrome real deal breaker looking device consumer amazon content tablet nice job attractive cost want generalized android tablet disappointed think better alternative less,0,Long,0
im glad purchased still learning,0,Short,1
antiglare protector screen work well millions free songs never seem ones want taste runs classic rock cost almost every selection made movies story probably cancel amazon prime reason experience doesnt change next weeks otherwise hardware everything expected,1,Medium,1
overall good tablet cons use google one competitors slow lagging,1,Short,0
used previous kindle allowed unread books carousel read books favorites loved feature wish fire hd,1,Short,1
requires additional e fee remove ads lock screen,0,Short,0
fits perfect love color heavy,1,Short,1
husband love kindle fire,1,Short,1
screen freezes often always go last page read sometimes resets back beginning book,1,Short,0
already kindle wanted another would wait charge order keep reading second kindle greatest thing waitingjust switch second kindle keep reading problem kicking waiting long get second one,0,Medium,1
received kindle fire hd yesterday easy set userfriendly great screen quality several issues amazon app store deplorable apps really want find google play google play doesnt work kindle either sideload live without amazon really something b thought could mirror screen tv works kindle hdx like watch tv shows countries browser hoped could fling big screen doesnt work kindle hd front back facing camera lousy quality would consider hdx front facing camera hard put front rear facing camera device costs almost sure yet keep much upgrade previous kindle hd,0,Long,0
gets want done complaints,1,Short,1
price purchased prime day st tablet think great purchase wish gotten better case,0,Short,1
disappointed coming nook tablet hate ads lock screen customizable screen ridiculous shiny mostly see reflection whats screen,0,Short,0
love kindle fire hd far complaints,0,Short,1
good like otter box kendal,1,Short,1
really like,1,Short,1
read two novels device happy previously used large kindle ipad reading really prefer fire hd,0,Short,1
fire hd great use one books one music great,1,Short,1
product awesome reasonable price pleasure use well convenient would recommend product anyone loves read,1,Short,1
take back best buy owned two others one went bad within one week disapointed,1,Short,0
dont like advertising amazon,1,Short,0
would like apps available device easy use sound playing music great,0,Short,0
life completely changed better gift allowed say wonderful friend total surprise able take pictures videos downloaded lot favorite music watched movies ive read several books check email face book wonderful magical device seriously dont know ever lived without favorite thing able download bible onto handy way look scriptures sort like table contents takes right chapter verse im looking cant rave enough consider smiley face,1,Long,1
wife happy fire,1,Short,1
gave niece idea preloaded amazon information able download buy apps find away get personal info kindle,0,Short,0
bought wife good deal prime day loves galaxy tab back,0,Short,1
saw kindle fire thought bit small ordered screen surprise bigger expected know even surprised quality heavy picture quality better tablets speakers sound extremely clear loud size overall size im impressed new fire hd love,1,Medium,1
great product would give five battery lasted longer,1,Short,1
love except photos crashes time,0,Short,1
love perfect size weight dropped year old kindle ereader didnt want replace another ereader picked fire one promotions use mostly ereader kids use games learning apps movies,0,Medium,1
love kindle check emails watch movies play games,0,Short,1
best bring commutes work grown quite addicted havent used camera yet wow camera love kindle,1,Short,1
great buy still lot learn,0,Short,1
one products reminds saying get pay responsive app store limited get spammed sortsa unknown sources apps trying download device sometimes restart device coz acting slow loadingswitching apps days using,0,Medium,0
quality performance clear,1,Short,1
battery life terribleother nice,1,Short,0
wish bought two prime day,0,Short,1
still learning use easy navigate however sometimes inadvertently hit wrong area changes looking starting free games pop often appears wanting take app either free purchase new game free card games run coins get offer purchase additional coins mind free card games offer beautiful display ease reading email checking facebook,0,Medium,1
best tablet seen size price lot less expected enjoy reading great books get amazon tablet would highly recommend product second one,0,Medium,1
first tablet im exactly knowledgeable work far absolutely love ive downloaded tons music prime membership simply love enjoying music youth anytime want negative id say doesnt seem hold charge long dont keep time would worse,0,Medium,1
happy many features fire hd offer temperamental times facebook open stories would like read still learning features offer,1,Short,1
excellent wanted,1,Short,1
third purchase kindle fire speaks,0,Short,1
love replaces orginal fire since first came hdx uses hd best reading bed smaller lighter hold,1,Short,1
love kindle th one bought gotten grandkids nephews niece even one girl work child ever time buy kid educational toy costs ten toy even cover things needed run get kindle app cheap free also kindle grow wit kid gave given year olds know using like,0,Medium,1
im excited high definition however much slower old fire give three stars,1,Short,0
love hasnt left hand,0,Short,1
like kindle lil smaller thought would still like rd kindle best biggest,0,Short,1
love watched movie picture clear,0,Short,1
havent much time spend still learning features etc like size weight,1,Short,1
thought would good better old kindle disappointing freezes picture quality camera poor movies picture isnt nearly good last kindle,0,Short,0
ok going unashamed great review product researched tablets sons specifically saved buy tablet checking price game availability apps etc settled tablet bought two one black one blue play read take pictures make funny edits photos time played everywhere taken numerous trips us yes worth money yes product durable,1,Medium,1
overall really good doesnt replace ipad lot lets use prime kindle services,0,Short,1
like graphic nice still know totally use glad purchased,0,Short,1
purchased fire hd reading books wonderful,1,Short,1
item exactly ordered works great,1,Short,1
love kindle second one first one front facing camera one front back love price cant go wrong would recommend one,0,Short,1
works great glad waited gb extra space must shared amongst multiple people,0,Short,1
much better old kindle,1,Short,1
love love love reading books still use laptop shopping reading news eventually change fire hd excellent display read without hold book without bending neck important painful bulging discs cervical thoracic spine using old book holder bought one sons college perfect solution bend neck long periods time,0,Medium,1
bought year old loves,0,Short,1
totally disappointed kindle fire theres access android play store mediocre selection apps available amazon knew play store figured id able side load go amazon app store would comparable google play additionally battery life tab meh theres sd card slot wasnt requirement wouldve nice reader good tablet fails miserably,0,Medium,0
couldnt get app exceptedsorry,1,Short,1
love much,0,Short,1
love kindle,0,Short,1
pleased clear resolution colors,0,Short,1
really enjoying amenities,0,Short,1
great tablet son,0,Short,1
excellent entertainment device good price plenty keep kids busy,1,Short,1
best birthday gift ever,1,Short,1
love kindle,1,Short,1
kindle fire since first generation loved reason got new one years wasnt able charge anymore charging port got kinda lucygoosy resolution new one incredible,1,Medium,1
children love,1,Short,1
ii truly enjoying exploring new things new fire,1,Short,1
works great,1,Short,1
worth every dollar son loves,0,Short,1
great devise crack,0,Short,0
magnetic opening closing fire hd convenient,1,Short,1
love kindle fire use reading books using apps etc user friendly kids two ipads kids operate without problem biggest complaint finish watching purchased tv show video goes back store listing episodes available buy wish screen easy access also screen quite bit glare reading books however battery life price beat ipad far,1,Long,1
great graphics plenty great aps available ap store love new kindle fire get teenager let go,1,Short,1
far good,1,Short,1
easy operate excellent graphics,1,Short,1
purchased month ago year old like free time app used restrict apps etc access graphics fluid ipad mini good enough touch screen responsive speakers loud battery life could better dont think getting hours battery life im giving stars got much less tablets notion ink asus transformer ipad ipad mini bought tablets least times fire hd,0,Long,1
happy purchased item great product,1,Short,1
love talking english spend hours waiting customer service get back ita good,1,Short,1
listening book playing game games glitch gb froze,0,Short,1
love exactly looking,0,Short,1
absolutely love kindle couple issues since getting couple weeks ago otherwise absolutely love,1,Short,1
broke months wouldnt charge froze stopped working altogether really disappointed bought gift,1,Short,0
learn use user friendly,1,Short,1
love thing held buying kindle years ended getting one one mom sale jeez things great read great able buy books without paperbacks outpacing living space,0,Medium,1
items cloud easily downloaded,1,Short,0
expected great job delivered time,1,Short,1
kindle fire hd magenta looks feels amazing wife loves able read books likes light weight feel compared ipad downside bought kindle prime event july get kindle middle august amazon prepare better putting big sales like,0,Medium,1
fine dont like advertisements app advertisements pull gotten home screen really annoys also dont like watching show picture doesnt fill whole screen get extras nice thought free time would come free year month guess fine though like get unlimited cloud space great extra havent taken advantage things offer excited check books things life slow little fine paid would never buy usually runs,1,Long,0
best tablet best price excellent sound quality graphics versatility got sale fantastic price whole family extremely happy cant recommend,1,Short,1
far good wish could change background lock screen wall paper perhaps way guidance tips tricks making tablet im pretty happy foe moment,0,Medium,1
love kindle first christmas gift daughter got stolen immediately ordered another great product,0,Short,1
morning woke kindle fire suddenly turning charging conveniently days month warranty coverage never even taken kindle outside house literally use night bed place nightstand way device damaged already sold defective fence buying one took months finally make decision regret wholly please waste money item samsung tablet know back still works perfect buying another one first one taken children disappointing spent money item,0,Long,0
awful saw port chatted amazon bought said needed hmdi connect tv well problem already hmdi old kindle fire noooo need different hmdi hmdi cable awful reviews going back gentle old kindle hope put feature back,1,Medium,0
size perfect love pull laptop great read search internet,0,Short,1
great tablet budgetfriendly anything needed comes surfing web checking email lot reading definitely way go,0,Short,1
purchased year old loves messed easy use setup simple easy follow,0,Short,1
bought kindle hd gb ram crashed amazon tech told hard boot held power seconds release turned garbage screen nothingso transferred nd tier tech support nothing sell kindle gb ram came version book already book said kindle problems let batteries low book said wait seconds tried startup screen looked better plugged windows pc short time later opened case normal amazon tech tell wait seconds keyboard new kindle hard use smaller functions first kindle dead content accessed pc new kindle hd gb flash drive slower android,1,Long,1
love kindle,0,Short,1
tablet looks nice works okay browser good enough light browsing although found browser incompatible things relatively rare happened like southwest airlines inflight wifi fly southwest often dont expect able watch tv main complaint ads machine sleep mode apps browser get annoying sometimes cover necessary buttons within apps strange bought machine bombarded advertisements fact cheap relatively easy use someone doesnt use tablet often extensively perfect beware advertised constantly run apple android operating system incompatibilities,0,Long,0
mom loved,0,Short,1
music crystal clear loads fast like lightening powers fast beautiful pictures awesome,1,Short,1
watching entertainment see amazon,1,Short,1
easy intuitive device exceeded expectations,1,Short,1
nice tablet money one keep guest bedroom guests use keep one vacation home watch video read book play game whatever need thing really lacking isnt access google play store far superior list apps,0,Medium,1
love one goes sale let,0,Short,1
ok dont access many apps thought would im disappointed wish came word processor keyword didnt lung laptop everywhere homework also think adobe able get downloaded,1,Medium,0
daughters kindle moved nd gen loves able hd capabilities although still hoping laptop school know get classes,0,Short,1
freezes shut way often kinda bummer,0,Short,0
absolute junk would charge got replacement doesnt hold charge charged two kindle worthless,0,Short,0
love fire,1,Short,1
ut wonderful gift thanks kindle great price,0,Short,1
great little pad watching movies charge holds long time,0,Short,1
supposed nothing fancy,0,Short,1
replacement kindle daughter one broken however keeps shutting reason every couple days seems issue newer kindle fire personal kindle well,0,Short,0
newest version good previous kindle fire half time try swop screen open screen come back blank reboot kindle get working extremely frustrating,0,Medium,0
bought prime day discounted price wanted tablet would fit purse use primarily reading also use apps thing little weird mainly also ipad anything downloaded fire shows middle screen found weird downloaded movies watch traveling even rentals already watched passed day rental still middle screen love,0,Medium,1
dont care special offersrecommend paying extra offerfree version otherwise great quality product purchased gift yearold play educational games enjoys,0,Short,1
match tablets okay one apps incredibly lacking browsers developed fire beyond amazon one provided riddled issues many many many times home screen becomes unresponsive restart tablet silk browser needs updates badly,0,Medium,0
eta ive thing month im impressed ads beginning lock screen still annoying lock screen randomly pop im reading decide change way im holding tablet also locked several times requiring restart way cancel programs running sort master control would buy suggest one else purchase either youre better using kindle app rather actual kindle like book suggestions make crashing slow loading seriously though ads super annoying dont understand people arent complaining amazon fail far pretty awesome tabletereader however every time turn ad something sale amazoncom yeah yeah get amazon product seriously feels like theyre shoving throats boo amazon,1,Long,0
great tablet great price,0,Short,1
color almost purple youtube app link port youtube website works well isnt youtube app clear good sound high quality picture thats great movies didnt buy productivity far im happy stars dont like purple,1,Medium,1
nice device found battery life inferior seems last hours tried adjust settings doesnt seem make difference maybe got one defective says battery last hours doesnt charge daily even using discharges fairly quickly anyone suggestions would love hear thanks,0,Medium,0
daughter loves hard get back,1,Short,1
processor fast intuitive graphics outstanding,0,Short,1
made exceptation didnt realize everything ball adding apps getting know,1,Short,1
third kindle fire although loved first two happy one one gift devices cheap books dont think look ads tablet person bought pay extra ads device amazons several times ads even frozen tablet requires inconvenient time consuming reboot using free kindle app could understand placement ads paidfor device leaves bad taste mouth every time use ruined experience,1,Long,0
original kindle fire new model huge improvement light incredible display,0,Short,1
purchased prime day discount happy previous generation gb one enjoyed better resolution battery life slightly less old kindle allows stream video hours recharging lasts day email websurfing like wakesleep function camera,0,Medium,1
great device meets expectations,1,Short,1
awesome reasonably priced reliable great hardware,1,Short,1
great grand daughter loves,1,Short,1
hard time using free movies guatemala city,1,Short,0
awesome love,1,Short,1
first cut root device second minecraft ip wifi doesnt work reason third add google play,1,Short,0
love ad turned intrusive worried didnt spend extra money ad free vibrant images easy use,0,Short,1
although wait weeks little guy impressed far watched videos taken pictures use prime watch movies right size carry around watch videos without much hassle hold love,1,Medium,1
provides nice reading experience say used like regular tablet meaning go internet watch videos skype etc etc dont hesitate,1,Short,1
nice electronic fast shipping,0,Short,1
paid deal day type thing great general purpose tablet would nice memory card slot deal breaker serves basic need,0,Short,1
love take purse dont fuss big bulky laptop,0,Short,1
learning features love farwanted taking trips sitting doctors offices,0,Short,1
google apps dependent amazon app store limited apps,0,Short,0
ive month lot problems reboots randomly half time books wont open close immediately wont sync wifi home kindle phone vice versa despite set way even regress chapters earlier wont save bookmarks hdx worked great purchased one july th amazon sale wonder sold defective ones discounted price supremely disappointed,0,Medium,0
great product reading reviews really sure expect really seems like people arent happy unless complaining problems device games apps like use,1,Medium,1
past would leaned heavily ipad currently iphone ipad due cost also risk one kids losing tablet andor becoming broken find kindle fire great alternative even better child general set profile decide specific books apps etc want access one little quirk sometimes application downloaded profile selected childs profile appear child profile dont access x present icon im sure work happened couple apps issues kindle far kid thoroughly enjoying,1,Long,1
drawing library expect nice husband needed one gave wish would kept husband happy long run im glad get another one definitely would consider fire,1,Medium,1
tablet great one nasty little caveat battery life fullon horrible run nothing course left idle hours usual alas great ideawith horrible execution around place easy save buck makes sad gonna okay price point tablet chained wall,0,Medium,0
everything apple ipad would happy especially since really wanted read books bonus get play favorite apps browse internet need,0,Short,1
constantly freezes must shutdown resolve would buy,0,Short,0
great little device easy use,0,Short,1
used like use old kindle camera get bang buck one gets full fast ad stuff yet adding stuff old one got full buy one would buy cause worth,1,Medium,0
bought tablet son far performed expectations,0,Short,1
great lot fire hd display screen easy readlove,1,Short,1
im highly greatly disappointed irritated find child profiles allow parent add amazon instant video app profile main reason bought device im tempted return device bite bullet second ipad mini,0,Medium,0
good one buy,1,Short,1
far good kids able read study course also playing theyve happy far,0,Short,1
st undurible tablet n world dont even want money informed inches ground screen shattered f amazon talk false advertising,0,Short,0
kindle knew getting great product recived great deal amazon ran sale self explainery kindle backed amazon baught kindles never problem keep great work quality amazon,0,Medium,1
happy way replacement handled thank much,0,Short,1
didnt realize tablet took much memory didnt think advertisements would use lot either installing hand full apps almost memory cool get slot memory card disappointed sure,1,Medium,0
love grandkids play battery needs charging,0,Short,1
super deal daughter loves,0,Short,1
cannot read outside,0,Short,0
first tablet playability diversity apps reading availability amazon exceeds expected good companion,1,Short,1
nice size smallish hands easy user interface quickly learned return home screen done using application otherwise drains battery im still learning playing learning customize needs wants,1,Medium,1
gave son marine started using right way works wonderful watch movies able get books seconds reading reviews perfect able take anywhere goes issue daughter wants upgrade kindleshe wants cameras,0,Medium,1
love hd,1,Short,1
excellent great price,1,Short,1
new kindle easy take pictures send face book love free games also,0,Short,1
internet access best seen tablet,0,Short,1
kindle fire good value usually works well though occasionally freeze need rebooted keep reader tend read books one sitting fire battery wont hold got great deal pleased,1,Medium,1
seems lose charge faster would expect super old kindle fire held charge much longer,0,Short,1
purchased fire hd mother right size hold carry screen clear kids especially love camera feature never knows whos going pop screen great buy,0,Medium,1
received fire hd birthday gift friend never used tablet im still getting used features love search web read emails listen music etc find userfriendly would purchase someone future,1,Medium,1
purchased kindle fire gb thinking would storage previous item confused looked ondevice storage added gb called customer service told gb used preinstalled software cant get rid would nice told ahead time least given option preinstalled software came device,1,Medium,0
love kindle fire hd id recommend anyone,1,Short,1
nice updates,1,Short,1
sons first real tablet calls love set parental controls battery holds well kids love,1,Short,1
works great pleased,1,Short,1
love bluetooth feature,0,Short,1
last one would turn glad new one,1,Short,1
purchased kids however appears gb much would nice could add sds card something increase memory,1,Short,1
handy fast speedy delivery,1,Short,1
lags bit good movie watching kindle book reading quite web browser tablet,0,Short,0
absolutely dont like tablet good speed nice book reader good front rear cameras crisp movie viewing personalization allowed every time open case wake tablet greeted amazon commercial cant set personalized desktop image even lock screen image least fire phone allows hate permitted customize personalize devices im already looking something better replace guess use entertain grandkids get something better,1,Long,0
bought fire hd prime day wife could something easier travel full laptop fire works great browsing web watching youtube hulu playing games sound quality thing quite impressive use play pandora time also purchased bluetooth keyboardcase combo awesome biggest complaint product tends freeze every often seems happen often leave app open lock screen times screen freeze trying load something either lock screen unlock completely shut restart wait several minutes figure doesnt always work price dont think beat stated isnt perfect would paid full price item,0,Long,0
kindle worst ive others often gets stuck page kicks back home screen,1,Short,0
enjoying wish manual,1,Short,1
bought within two weeks screen went black daughter playing app child account wouldnt charge turn back called sent refurbished oneso used kindle paid full price fori feel like got yard sale device full price new one hope one works guess,0,Medium,0
really set book read dont really need rest doesi got fire download woodworking magazines,1,Short,0
dont bother buying child teen parental controls horrible product fine child profiles interface around sucks way enable web browsing child reason buying product professional husband spent hours trying find install browser would work child teen account nope go either get kid independent amazon account pretending heshe adult let use sure awkwardness year old would able see kindle purchases amazon order history thank amazon please get together kids browse web concentrate site blocking blanket prohibition web browser childs account way option unblock web browsing actually doesnt anything put silk browser childs available application list shame,0,Long,0
first battery drains fast ipadmini almost three years old battery life vs new fire second screen sticks wont allow certain actions fire becomes moody need turn hope access browser email finally reason bought dang thing read books however device wont screen stabilize may go back second edition kindle use books amazons product inferior ipad plus devices wonder made different companies first kindles would buy waste money even sale like mine,0,Long,0
excellent tablet,1,Short,1
kids love great price wished would bought gb,0,Short,1
love wish battery would last longer,0,Short,1
bought husband replacement old fire nice picture quality decent speaker though sound better headphones runs fast easy set downloads appsgamesmovies etc quickly complaints battery seems drain little quicker last one,1,Medium,1
graphics amazing,1,Short,1
great tablet say still love older kindle one much faster better would definitely recommend got great price prime day,0,Short,1
like far moves faster old kindle yet tried features rate later,1,Short,1
three weeks complaints fact im loving ive reading lot playing scrabble except one point wanted kindle need download pdf files need bold words teaching however bold typed computer show bold lettering busy address free time deal product support sure hope solve one reasons bought kindle reading playing scrabble wonderful good battery life,1,Long,1
best device ive ever handled,1,Short,1
happy mine year since new cuts warning plenty charge batterynow started freezing touch screen open app shut restarted use always solve problem know bought books able get cannot get help solve problems,0,Medium,0
fire hd great definitely worth money technical reviewer casual browsing reader great device pleased purchase product support amazon,0,Short,1
pros fireos simple intuitive prime integration excellent value prime day cons build quality feels little plasticy speakers ok expect tab large bezel,0,Medium,1
impressed screen quality video prefer paperwhite kindle reading sound good greatest acceptable power button seems little flaky,1,Short,1
love device light enough read hours without hand starting hurt easy browse kindle store battery life hours constant reading game playing charges back pretty quickly,0,Medium,1
enjoying kindle fire even first,1,Short,1
love device got year old everything need im giving stars limited android games available,0,Short,1
love new fire hd perfect size almost everything much bigger expensive ipad happy made purchase,1,Short,1
great tablet,1,Short,1
traded prime day price steal trouble older one even though many complained ipad stretch find good fit families needs,0,Short,1
like upgraded features old fire works great would prefer get ads posted turn back,0,Short,1
dont like much ipad got broken due im glad got sale,1,Short,0
kindled greater,1,Short,1
ok happy gb storage found amazon usb cable th gen firehds could play music videos flash drives movies work best mp format also tried sandisk wireless drive app works great makes available whatever stored android ios windows devices time via wifi advertises hrs cant confirm yet tested connectivity multiple devices simultaneous playback different movies end happy fire add storage,0,Long,1
far enjoying issues speed screen,0,Short,1
husband incredibly happy new fire hd hadnt read several years turned kindle dead called get assistance even staff amazon couldnt resurrect old kindle offered one discount thanks amazonmy husband reads day loves new fire,1,Medium,1
awesome fire absolutely love,1,Short,1
much faster old kindle space system uses much bought gb without understanding small course error checking limited time offer expire fire hd often tells slow connection download movie watch without interruption room one movie device,0,Medium,0
third kindle second one stopped working weeks ago buy another works great,1,Short,1
find use device intuitive,0,Short,0
got wife birthday present replace earlier version like enhancements specifically addition camera app,1,Short,1
love didnt think could like reading physical book working great plus able play games surf online works great needed price,0,Short,1
portable good value easy use tablet love,0,Short,1
pretty good nice old kindle reading stuff helps make,1,Short,1
would lost without kindle camera wonderful quality size screen perfect reading read tons books kindle use web pull recipes im cooking kitchen tons apps available kindle easy use screen bright enough read im beach battery life nice long able bring kindle anywhere read great lengths use kindle teach yoga well yoga books use kindle versions music cloud player create playlists easily accessible,1,Long,1
love love love,0,Short,1
love size ease use high quality resolution cant beat,0,Short,1
still getting know enjoy see far,1,Short,1
never buy another amazon tablet device turds disabled choices terms modifying way want see interface blocked us using interactive devices would every circumstance using alternative hardware provide valuable services short buy amazon device unless crave tyrannically stripped choices regarding software,0,Medium,0
glad went gb unlimited cloud misleading free cloud days original kindle still works fine thinner back light fire much really isnt comparison except fire thicker sometimes issue reading bed big music sound cant rate everything else perfect havent traveled much yet get accessories since wanted get familiar first recently ordered case earphone accessories could make purchase even highly rated one,1,Long,1
part meets expectations tend freeze needs rebooted,0,Short,0
first family fire hd smaller expected work well included two pictures see pictures videos sharp weight lot making easy travel easy manage basics turning onoff volume side like cell phone settings scroll top screen sides rubber grip easily hold recommend get protector case falls use simple emails online video search watching movies like android download youtube pandora apps like cell download amazon apps free unless want specific work youtube channel high tech ones probably need paid overall product worth simple useful computer laptop near,0,Long,1
wish could customize home screen solid purchase sure,0,Short,1
excellent product,1,Short,1
perfect reader handy tablet,1,Short,1
still getting hang whole tablet far good pretty intuitive areas definitely need learn use like customization,0,Short,1
nice display fast processing dislike cant get lot apps enjoy ipod,1,Short,1
first kindle far really like,1,Short,1
ok nothing special,1,Short,0
great product kept kids entertained across country loved free game choices educational boot,1,Short,1
love white color camera,0,Short,1
find quite irritating application takes another page unrequested large really like everything,1,Short,1
love kindle touch also love fire much easy use things,1,Short,1
love love love sure quickly taken place computer portable yet big enough screen viewing great selection games apps ive tried every feature yet look forward learning fire,0,Medium,1
absolutely love new kindle fire,1,Short,1
good expected thought would upgrading original kindle fire however kindle fire issues web browser slowing using certain sites lot going also issue internet browser kindle falls sleep mode u turn back shows blank screen turn restart,0,Medium,0
sling amazon fire television thought since fire tablets promoted working fire tv could watch sling tablet however case unhappy cannot watch sling think long amazon promoting tablets working fire tv things done fire tv work tablet otherwise like reading kindle books watching amazon instant videos reading washington post playing games things internet tablet unhappy sling,1,Long,1
started using works great,1,Short,1
great tablet especially move,0,Short,1
love product lightweight wonderfully clear picture price cannot beat battery charges quickly lasts full day,1,Short,1
bought gf shes loving,0,Short,1
kindle much lighter easier maneuver first edition kindle beautiful hd display million pixels ppi x love bright colors hd screen much nicer kids watch movies,0,Medium,1
kindle part summer reading program love ordered case previously read kindle books phone much better,1,Short,1
far good bit relearning still going big enough light weight battery power good,1,Short,1
great item,0,Short,1
glad get back kindle using tablet kept losing wifi connections even home good kindle could depend,0,Short,1
great product,1,Short,1
charging port last fire two ended loosening much wouldnt take charge longer motherinlaw uses kindle daily replace new one probably last little bit longer warranty covers history indication,0,Medium,0
overall im happy resolution excellent quick response issue battery drains quickly im finding even im using charge goes im trying find close running apps cant find clear answer model battery life issue really like,0,Medium,1
addition already fire hdx decided second fire would useful second unit feel added expense hdx necessary wasnt hd meets needs entirely,0,Medium,1
expected form word disappointed theres like color resolution,0,Short,0
im glad get kindle back never new bad would without one two years one went bad new one expected im enjoying reading looking new books amazon always comes thru support staff exceed expectations,1,Medium,1
love hope last longer first one two years couldnt fixed,1,Short,1
charged tablet night go work next day get home use battery level already diminished even tried placing tab airplane mode hopes keeping battery life longer battery still drained iphone years old retain charge week standby,1,Medium,0
pleased daughter teaching use coin collector book lot good information,1,Short,1
thought would,1,Short,1
really wanted vessle run plex bedroom bought prime day bargainvery happy,0,Short,1
love easy navigate hd makes easier read books play games,0,Short,1
loved old kindle one even close near comfortable hold feel well made worse news purchased kindle reader husband awful barely see screen dark way adjust,1,Medium,0
second first one adopted grandkids wanted replacement great,0,Short,1
revised review first disappointed months im pretty satisfied yes arent many apps google play managed eventually get roboform much better amazon first pass silk browser smooth fast dialpad lets use phone wifi facebook regular site smartphone either got deal day definitely worth every penny gave four stars limited apps got everything need,0,Long,1
ive weeks quit working battery fully charged unit turn loved two weeks worked much,0,Short,0
nd kindle glad brought new one cheaper bigger better definition easy tap cloud,1,Short,1
pleased brightness hd display around head shoulders old one,1,Short,1
great device books tv shows movies frustrating youre watching something time times could wifi great product pric,1,Short,1
far happy product grandkids may teach use better work well reasons purchased mainly read books watch videos work projects play games lap top available,0,Medium,1
wow lot nicer expected almost half offwell wished bought couple,0,Short,1
great tablet money,0,Short,1
several kindle fires dont like one much earlier ones dont want one games foolishness want read make difficult may stop buying try types,1,Medium,0
ordered gb fire week loved little different hard use anything amazon doesnt promote worth little work able use liked box realized sent gb im trying get originally ordered ive never much problems order amazon,0,Medium,0
please tell cost thanks mary garland,0,Short,1
love hd,1,Short,1
meh id classify ereader tablet tablet id give stars readers settings useless combating glare better experience applying boxwave clear touch antiglare screen setting brightness max purchased model instead paperwhite told salesperson bestbuy id able use overdrive app preferred reader borrowed library books model hope wasnt mistaken fine e audio books games arent graphics intensive dots mahjong spider solitaire chicktionary graduating even half step pandapop disappointing experience coming ones smartphone samsung note case big plus pricetag qualms using beachpool lol,1,Long,0
far excellent tablet reading watching programs ease use size contributes versatility good go tablet use instead larger tablets andor laptops love,0,Medium,1
needed good price,1,Short,1
great deal,0,Short,1
slow hangs respond commands cannot adjust audio tone vol keyboard taps hi res display good color ample audio vol music movies,0,Medium,0
fist edition kindle fire tire able see screen beach would hold charge long anymore time upgrade new kindle much better beach battery last day screen little bigger really worth christmas july price,0,Medium,1
love kindle lightweight super fast easy enjoy multitude options reading browsing videos music wish white kindle came white charger,0,Short,1
love new fire easy learn fun use,0,Short,1
really enjoying tablet,0,Short,1
really like fire issue battery discharges way faster original kindle fire even ive taken battery conservation techniques also really dont like isnt indicator light tells charging finished,0,Medium,1
fit function great,1,Short,1
far good,1,Short,1
love kindle nice quality screen resolution fast processor amazon makes good quality tablets,1,Short,1
love read watch movies clear picture,1,Short,1
user friendly would like,0,Short,0
clean graphics easy read even without glasses,1,Short,1
best thing ive bought long time,1,Short,1
wanted tablet reading books would easy carry around really surprised got tablet screen sharp easy hold reading lot electric toys would definitely recommend tablet,0,Medium,1
son absolutely lives,1,Short,1
like thicker seems durable lots games easy use,0,Short,1
love graphics reading backlight,1,Short,1
like new fire hd except one thing turn find charged first one light pad let knoe fully charged,0,Short,1
like touch screen,1,Short,0
camera better,1,Short,1
ipad much better easier use,0,Short,0
looked six months got sale glad first kindle fire came five years impressed wifi reception internet browser like features easy see magnifier menu text browser need battery last long original kindle fire lasts four hours still love backup reliable access anything internet backup computer highly recommend,1,Medium,1
completely happy new fire bought first generation didnt like love one th gen homeowner association board directors use meeting wifi club house able store documents call need take thin note book meetings wife expensive ipad mini everything fire amazon prime stream free movies free music paid regular amazon prime day couple weeks ago think good deal,0,Long,1
awesome deal love,0,Short,1
like light bright wonderful,0,Short,1
love fire second one used mom email web access easy operate charge carry around graphics good,0,Short,1
love rear front camera,0,Short,1
product looks nice tends turn drop watching movies playing online games annoying say least,1,Short,0
bought two models plus one model december christmas gifts family members past year three stopped working wouldnt turn one conked months ago two recently feeling something inherently wrong kindles shortly family started using one started freezing another one started shortly know technology fickle would expect last longer year half since paid amazon nearly total including covers top bought samsung tablet november bjs wholesale club places still working perfectly could understand one three kindles bought malfunctioned three purchasing,0,Long,0
love fire perfect size,0,Short,1
love got replace old first generation kindle fire big improvement dont really anything negative say everything need well probably bought one sooner neat little gadget combined roocase comes stylus combination nice,0,Medium,1
replacement sons fire hdx shattered quit working first time dropped unfortunately didnt get replacement plan im surprised user friendly isnt opted save bucks ads come preprogrammed intended use photo graphic screensaver yet figure save photo screensaver even background kindle quality well speed far storage great navigating thing dont like course kindle son seems problems qualms dont remember kindle ornery,1,Long,0
side load aps pain deviice solid,0,Short,1
nice tablet screen excellent many apps already installed may need delete ones dont use,0,Short,1
awesome lot great features nice size like size compared hd much cannot explain recommend interested see e kindle fire want research lot memory processes quick,1,Medium,1
well pleased fire hd easy operate,0,Short,1
love kindle fire complaint charger cord short,0,Short,1
need pleased decision buy,0,Short,1
great tablet read wish access google play,1,Short,1
bought gift mother loved well ordered one got put backorder month finally got weeks anyways absolutely love,1,Short,1
ive enjoyed reading books watching amazon prime new kindle would highly recommend,0,Short,1
im little disappointed new kindle good reader kindle opinion better ipad viewing movies complaints camera isnt worth hd grainy grainy images battery runs fast finally turning sound watching video requires three stepsscreens,0,Medium,0
never used tablet one easy understand use also customer support folks really helped tech dummy get started love,1,Short,1
great deal fire hd arrived time,0,Short,1
like much larger kindle fire difference size barely noticeable,1,Short,1
screen beautiful case challenging use impressed wish someone talk probems would made whole experience easy much better maybe five stars would show right still hit miss wont get whole positive experience thats shame,1,Medium,1
favorite kindle time finally died happy replacement paperwhite,1,Short,1
love kindle fire,1,Short,1
pleased new kindle love camera feature shoot photo without trying get shot viewing front plus shoot video,1,Short,1
love kindle sleepless nights read disturb one putting lights,1,Short,1
second fire hd awesome old fire still nice enough hand,0,Short,1
nice tablet,0,Short,1
working great kids watch shows prime came already set account info added wifi kids set,0,Short,1
lot people talk trash fire os far problems really like tablet cute even like laptop strong speakers btw feels great listen music watch movies speakers reading books never good first skeptical worries gone bought tablet bookshelves home place left books home place left extra bookshelves like said previously reading books never good first screen brightness perfect doesnt mess eyes actually even better real book wood need light time like reading darkness second translation highlighting options perfect turning pages easier also dont need worry brushing pages thousand books every protect dont know happens others old books make itch love thank amazon,1,Long,1
exactly wanted,1,Short,1
expected freezes frequently slow returning,0,Short,0
great tablet using time nice,0,Short,1
take everywhere quit reading awhile cause hard time reading small print gotten back reading love,1,Short,1
fell love everything hoped would,0,Short,1
nice figure use,1,Short,1
love new kindle fire,1,Short,1
enjoying much wish able operate without wifi,1,Short,1
love new fire hd happy able buy prime day,0,Short,1
used tablet kindle app years getting slow wont hold charge great deal replacement,1,Short,1
always loved amazon thought amazon one decided commit became prime member amazon together forever amazon decided day dedicated prime memberi felt obliged reciprocate purchasing fire hd ipad mini recently left widow timing perfect meant finally new late night reading companion arrived well imagine horror charged turned buxom babe advertising game app popped screen amazon knew would want constant reminder beloveds twotiming ways offered discontinue advertising affair extortion fee felt used whats girl obviously never special doubt signs small print missed love blind yes relationship continued know stand eyes may wander,0,Long,0
happy kindle fire graded hd great price,0,Short,1
nice bit odd sized big easy palm hold nice stash away,0,Short,1
got super price pleased easy use youre familiar android decent screen clarity good sound body feels bit cheap always get cover anyway camera unimpressive great download movies prime member watch offline free biggest downside inability use google play apps amazon library missing basics like dropbox disappointment isnt really noted description since got good price think good value fill need smaller backup tablet may androids good prices know options google play blockade really irritates times,0,Long,0
fire fast generally really good option price range however caveats wish compatibility popular apps use google docs everything way non techie use easily ive notice silk browser also supported certain web pages screen also extremely bright reading night lights whole room,0,Medium,1
crisp hd display even old movies watch special offers read advertisements arent annoying like thought theyd appear unlock screen complaint placement volume control really like buttons outside edge rather onscreen want watch movie medge cover prop turn upside want power turn right side minor problem know deal right also powers loads movies etc much faster old gen kindle fire hope charging port holds better first kindle,1,Long,1
great value price,0,Short,1
ive purchased kindles past years original fire loved bought fire hd grandchild last christmas impressed much changed bought new one one daughters birthday summer happy fire hd exploring things,1,Medium,1
still getting used first fire tablet great start however ordering prime day arrived month later also digging apparently special offers name tablet refer fact bought prime day loaded ads every lock screen ad childish app game doesnt affect functionality machine damn ridiculous part frustrating nowhere order page say special offers means advertisement machine,0,Long,0
older kindle fire love wanted one forward camera one seems bit delay see happens go along,1,Short,1
im masters program curriculum kindle fire great,0,Short,1
fit need got great price prime day good kids surfing web apps battery life issue great tablet money,0,Short,1
first know im diehard apple user im disappointed kindle fire keyboard cranky bit slow certainly found os intuitive still cant figure get music library however really paid tablet takes good pictures sure discovered though make use email system surrender privacy rights amazon google found comfortable really big brother would buy makes good audible book reader iphone basically sort clunky bigger kindle reader kindle paperwhite doesnt audible thats say grandchild maybe years,1,Long,0
books fingertips without carrying bigger device,1,Short,1
love complaints whatsoever,0,Short,1
got fire hd first time using tablet getting used far problems trying navigate went line amazon kindle help learned needed know also kindle help forum great place find help,1,Medium,1
really like features kindle,0,Short,1
much better expecting,0,Short,1
easy set,0,Short,1
excited love reading however kindle hd enjoy,1,Short,1
like hard set figure,1,Short,1
good quality tablet less also ipad mini use fire tablet often offers great readings kindle unlimited huge library great videos lags sometimes manageable,0,Medium,1
poor product quality,0,Short,0
got amazon black friday sale amazing price show tree daughter december,0,Short,1
limited options connect devices,0,Short,0
great deal perfect kids,0,Short,1
really impressed product,0,Short,1
fire hd month first tablet really got hope would able replace laptop slowly dying great ways like simple things really cant see replace laptop certain things cant fire instance sending emails attachments cant figure also really hate proper keyboard hoping would get used havent ill keep fire hd things like reading books watching tv dont feel like lugging around heavy laptop otherwise ill stick real computer,0,Long,0
happy display heft tablet get leather protector added safety,1,Short,1
perfect im semiretired spend lot time mexico excellent travel super userfriendly hardly ever leaves side couldnt happier,1,Short,1
excellent draw back switch appears one going break original fire,1,Short,1
easy use also love picture quality watching movies,0,Short,1
love new hd firei fire hdbefore one died one faster easy use set differently user friendly seemed finger close screen would change frequently one doesnt seem sensitive would recommend,1,Medium,1
battery drains quickly recently viewed icon bar annoying android apps arent particularly impressive however picture quality topnotch ideal tablet watch videos netflix amazon prime,0,Medium,0
love kindle isnt ipad certainly isnt extremely expensive price ipad either kindle every day let grandkids play really cute games thought would use gigs time almost five months still used gigs,1,Medium,1
love fire,0,Short,1
working well,0,Short,1
wonderful device excellent screen resolution excellent sound good value price however didnt know os blocks access google software result really buy stuff amazon access amazon prime music video result paperweight back box goes,1,Medium,0
love thing cant get enough reading late night,0,Short,1
great tablet,0,Short,1
good wish reflecting screen,0,Short,1
complicated use parental control family profiles home intuitive would return get ipad could,1,Short,0
great case,1,Short,1
wow fire hd great little tablet pictures video clear sound great small tablet came added extras really nice pretty speedy glad amazon prime gives lots extras tablet movies music free apps one best tablets bought really enjoy amazon products amazon echo also great addition home love,0,Medium,1
wasnt useful reason wanted use,1,Short,1
pleased fire hd,0,Short,1
easy use great display easy print love,0,Short,1
wanted two way camera,1,Short,1
better old fire,0,Short,1
everything looking fit perfect love color,1,Short,1
great granddaughter loved,0,Short,1
great screen easy use,0,Short,1
love camera feature takes video pictures among wonderful things kindle fire love comes white,0,Short,1
love kindle fire,1,Short,1
bought wife loves everything,0,Short,1
really happy two fronts purchased july th clarity wonderful nothing beats amazon prime member nothing,0,Short,1
kindle fire hd could hardly wait new kindle even better improvements already mentioned one favorites ability touch carousel push see downloaded apps searching also like new arrangement sidebar search home back arrow new placement charger plugs much convenient depending hold tablet charger cord either right top tablet definitely like charger bottom didnt sit nicely charging used version years give b rating new purchased give resounding cant find fault,0,Long,1
happy fire far,0,Short,1
love new kindle problem connecting wifi home dont computer connects work though also thought would lot storage old kindle found delete lot books clear space thrilled beyond words kindle new functions old one didnt great,1,Medium,1
totally loving kindle still learning curve havent checked completely yet far complaints,1,Short,1
using kindle email one favorite features convenient using computer,1,Short,1
easy use size great take traveling wonderful display features,1,Short,1
ordered kindle fire hd prime day version ads dont find obtrusive would consider paying extra deal retrospect bought replacement first generation fire vast improvement speed screen responsiveness still hate design home screen wish personalization options one thing really miss original fire construction color back plate feels like cheap crackable plastic really liked matte rubbery back original fire first tablet buy case dislike construction much,0,Long,1
overall great product cannot download histogram aggravated mecan everything ipad doeslove reading books bed without lamp,0,Short,1
love nice looking colors great bought mostly reading truly easy eyes light easy carry around dont like back plastic though,0,Short,1
upgraded first kindle finally love changes far great deal device use everything,0,Short,1
good tablet well made sadly side lack apps ipad killer plus adds lock screen annoying amazon charges remove,0,Short,1
completely useless way connect anything boy read something wrong complete waste money,0,Short,0
really love fire hd kindle take everywhere go check emails go web play games wouldnt know without,0,Short,1
exactly expectedlove ittakes great pictures,1,Short,1
great love speed clarity quality video player amazing work google play downfall major one,1,Short,1
bought gift son loves user friendly,0,Short,1
got stream shows kitchen works well streaming browsing blue tooth work well funny cause paired echo feet away find ironic two amazon devices hard time communicating work work well price point,0,Medium,1
kindle freezes constantly power back clicked return button hopes exchanging said late weeks late th kindle used love one frustrating end perhaps time become apple user least stand behind product second entry emailed amazon took care shrew wouldve extremely disappointed left highanddry didnt thank amazon,1,Medium,1
love hd grand daughter also loves,1,Short,1
device anyone else experience worst battery life doesnt hold charge device airplane mode watch one showmovie batter life cuts half play game thing happens cant believe bad battery life,0,Medium,0
awesome piece technology,0,Short,1
love kindle fire hd easy operate fast perfect size,1,Short,1
guess expected displays vivid bit larger size simple finding need old one guess get used sorry old one died,1,Short,0
love fire hd little different old kindle fire im learning fire days go,1,Short,1
love kindle even parental control way son enter certain apps hes,0,Short,1
everything wanted love much kindle fast holds pictures books different settings kids kid profiles parental controls even control much kid allowed use happy unlimited kindle option educational books apps kids love makes love even truly happy purchase one best ever made everything looking tablet kindle durable beautiful color matches sellers description perfectly highly recommend everyone,0,Long,1
two kindles fire read listen music take share photos excited learn new things,0,Short,1
received new kindle monday today friday still havent able set email wrongly assumed would much easier myselfi tried calling kindle said call isp isp said call kindle spent half hour kindle cs rep thought asking mac whole imap server frustrated ready send back tech server guy town another week pay per hour help happy camper right,1,Long,0
needs waterproof case otherwise good,0,Short,1
great far,0,Short,1
love love love got daughter loves son ipod feel like wasted much money shouldve got kindle fire,1,Short,1
received kindle fire day early needless say shipping unproblematic color appeared slightly different images however expected videos look slightly average app store inefficient qualities unavailability tablet frequently glitches stop application amd restart day hours use feel though mainly purchased ability download videoa prime quality universally applicable would purchase another kindle fire average price tablets surpase qualities available ive owned weeks update thoroughly exploring update product continues freeze appears occurring frequently would return wasnt way download prime videos going another product next time,0,Long,0
exactly described works great,0,Short,1
cannot get book account work nook real tablet clunky design bought galaxy samsung days later,1,Short,0
difference makes life dont know managed without time,1,Short,1
love one small issue wish onoff button conveniently placed easier tonpush,1,Short,1
exactly expected,0,Short,1
sharp images easy usevery compactbig product little package,1,Short,1
got amazon prime day sale first tablet im happy satisfied basic tablet reader good battery life ive noticed far got around random usage home internet browsing playing music pandora app spotify app watching youtube app yet watch youtubecom prime instant video save watch videos offline helps traveling airplanes watch porn go bed night want complaints wish wish customizeable far wallpapers lock screens ps info saved pulp fiction world war z prime video offline viewing gigs left roughly everything else apps downloaded rest system memory,1,Long,1
still trying work itbut enjoying,1,Short,1
waiting nd generation kindle fire hdand received new inch hd dont wait upgrade happy awesome product highly recommend,1,Short,1
love long batteryfast great,0,Short,1
year old loves great graphics games education apps well books great price,1,Short,1
got husband loves,0,Short,1
mom loves think need one well,0,Short,1
got daughters th bday enough keep entertained battery life however ideal thing dies pretty quickly kids forget remove apps carousel pretty good young child,1,Medium,1
besides camera practically nothing like kindle fire second generation kindle dont like silk browser doesnt hold visited sites instead offers bing search engine never use bing also dont like way music shuffles youre shuffle mode second last song youre library shuffle stops battery doesnt last dont shut kindle uses really sucks said like xray lyrics feature extra references like wikipedia translation looking word book wouldnt recommend anyone already fire though,1,Long,0
love kindle line purchase another one would x inconsiderably slower dual camera nice feature however speed definitely notably different,0,Short,1
new fire hd nothing expensive hand held billboard ads one warned wish bought tablet instead,0,Short,0
easy use right box perfect needs clear screen plenty memory,0,Short,1
love didnt need get set ready go right box,1,Short,1
purchased thinking would work like tablet fact technology par amazon google refuse play nice amazon limits controls devices permissions means android google play store apps rely gmail google drive luck hate apple pulls stay ecosystem crap even mac syncs android phone pc desktop kindle fire though along play store means snapchat instagram waze mostly every app know love love amazon purchases shopping though site im going write emails keep calendar contacts documents etc etc im sticking google best thats tech companies need let chose use device apps functions want without blocking competitors foreshame amazon,0,Long,0
exactly expected love,0,Short,1
still learning everything works quite satisfied time,0,Short,1
limited apps used appie like everything else,1,Short,0
love first piece technology others helping use,0,Short,1
shame nice piece hardware held back much horrible software closed apps amazon greatest thing games available remind toy section family dollar cheap knockoff versions get google store understand locked amazons interface ads lockscreen impressed,0,Medium,0
camera good fast apps click good customer amazon many years kids purchasing things also would like send new fire hd take thanks deidre,0,Medium,0
thought would easy begin great aspects get one really enjoy,1,Short,1
stars owners manuel nothing say,1,Short,1
love third fourth kindle,0,Short,1
screen cracked first day made last found bought expensive difficult repair wish would bought something else,0,Short,0
exactly u wanted less doesnt bell whistles expensive models price provided thebasics good value,0,Short,1
love love love tablet perfect size,1,Short,1
got sale great price handy little tablet smartphone kindle paperwhite laptop pc nice price dont expect suffice computing needs surprisingly decent sound tablet especially price range stream plenty netflix instant video im viewing alone much better phone wish amazon allowed browsers silk great like said though price great little device dont expect lightening speeds browsing,1,Long,1
many ads also would better steam worked ipad mini find use ipad magnification within color books able without blowing pixels resolution killer,0,Medium,0
work well battery life long desired,1,Short,1
love new kindle fire cant beat deal canbeat kindle always one two,0,Short,1
great tablet nice picture apps videos play awesome price cant beat daughter loves,0,Short,1
works nice,1,Short,1
wife got birthday stayed night fool around sure glad got amazon prime cool necessary download songs movies unless youre moving around,1,Medium,1
everything wanted,0,Short,1
bought husband knowing would like nohe loves,0,Short,1
original kindle fire new kindle fire much faster better screen love use ipad,0,Short,1
got gift wife able use kindle fire hd well designed flawless every way possible straight box amazon put lot love kindle brand fire hd shows easy use interface quick access music videos apps amazon store impressed considering ordering another one,0,Medium,1
better expected,0,Short,1
love fire hd use read books play solitaire shop headphones sound picture quality great way watch shows bed husband sleeping early work works hard husband loves need light read husbands better sleep solution lol always tried considerate sleeping sometimes hed hear certain sounds tv light used reading would bother much less bulky laptop bed also love lenders library got good deal item prime day ads bother much thought would hesitate considering great little device,0,Long,1
received fire hd find easy use easy carry,0,Short,1
touch screen response time slow times dont like placement buttons,0,Short,0
hate ads cant seem get go away price discount wasnt worth,0,Short,0
new fire hd really enjoying experience much learn,1,Short,1
happy new kindle fire hd,1,Short,1
great little tablet price right brightness control allows dark enough bedtime viewing bright enough daytime use car brightly lit room sound nice loud louder nexus lenovo windows tablet software could use work app availability somewhat less google play im ok actually disappointed hence star rating battery life tablet lasts hours charge last hours keep competitors also burns battery life left suspension tablet screen leave plugged use goes sale good value would buy,1,Long,1
lucky snag item prime day still need get used user interface im normally apple person really everything need mainly facebook watching youtube videos cannot beat price considering expensive apple products reason gave stars instead camera best doesnt come clear iphone ipad looking basic tablet cant beat price,0,Medium,1
would nice still get small quick start manual key features doesnt really come information sending gift someone older doesnt allow ease use also sure get help assistance like old adds one button quick connect help adds showed last year,0,Medium,1
great picture much faster processor previous versions th kindle hd keep getting better gb plenty storage year old adding lots games pictures good size smaller hands tend durable ipads happy purchase amazon platform good kids accessing free content via amazon prime,0,Medium,1
love love love new fire kindle,1,Short,1
worth wasting money slow tendency freeze cancelled order informed amazon sold product didnt stock time purchase,0,Short,0
although use tablet mainly reading excellent graphics integration amazon handy,0,Short,1
love know camera surprised pleased,1,Short,1
excellent value limited phone apps twc phone go disappointingit would nice able use google play apps without voiding warranty email application flaky never know remove emails server upon downloads deleting tablet may may delete server delete mail messages one time use multiple devices run result mismanaging email result deleted email account,1,Long,1
new kindle really touse grafics awesome,1,Short,1
met needs expectations hesitations,1,Short,1
nice device,0,Short,1
great freezes games fail upload sync last page read apple devices battery last,0,Short,0
took almost weeks get,1,Short,0
easy learn use pleased fire hd learn something else everyday thought would,1,Short,1
already owned hd purchased hd hd listed sale amazon days couldnt resist hd makes little easier read emails watch amazon videos downside battery power doesnt last long hd,0,Medium,1
battery life poor amount preloaded unwanted apps ridiculous,1,Short,0
worked fine days would cut,0,Short,0
fire first experience tablet really love easy set use husband downloaded book first book download ever would never read otherwise highly recommend tablet novices wellseasoned users,0,Medium,1
perfect reader,0,Short,1
nice tablet performs well,0,Short,1
second fire gave one daughter got ipad like size fire reading wanted borrow books trips also grandchildren use visit critique lefthanded person wish button centered maybe cover bought puts top right,0,Medium,1
one better tablets,0,Short,1
wife loves new fire hd predominantly reads also added movies son watch car fire hd well rounded device allows reading kindle books watching movies locally streaming social networking listening music love two speakers vs one speaker hd thing wish retained older fire tablets auto brightness aside great tablet option,1,Medium,1
unit turns wont come back plug even battery pain neck needing plugged would recommend tablet took advantage sale prime day still worth needing plugged anybody want buy tablet sale lol,0,Medium,0
doesnt hold charge long,0,Short,0
far love wish access google based apps options app store,1,Short,1
garage wont contact home network unless use mac support iphone done research,0,Short,0
display clear bright advertised screen way small liking iphone screen almost large,0,Short,0
love say,1,Short,1
good quality screen bit fingerprints marks need clean time time nice stereo speakers perfect size grip average battery life overheat issues good price giving product mostly software play store poor apps amazon app store restricted tablet amazon ads locked screen launcher camera small volume power buttons thanks,0,Medium,0
love much quick speed internet connection wonderful picture different read settings,0,Short,1
researched purchased product hate cant transfer videos device without making videos mp mention gigs space package without way make larger purchasing different device giving one away gift,0,Medium,0
nice little gadget given extra love seem freeze lot,1,Short,0
kindle say great tablet purpose,1,Short,1
works ok,1,Short,1
works like champ husband loves,0,Short,1
easy use prime member pleasantly surprised already loaded account information books previous kindle literally unpacked ready go thank amazon,0,Short,1
slow recommend others,1,Short,0
waited get one glad glare difficult reading sometimes like,0,Short,1
purchased gift absolutely loves uses every evening,0,Short,1
really love new fire easy upgrade books games pictures transferred device glad picked amazon tablet thank,0,Short,1
happy lot nook color far good,0,Short,1
nexus works,0,Short,1
still trying figure like far,0,Short,1
used main purpose use echo works like expected hoping use multiple lists shopping todo lists battery duration little less expected advertised hours mine like hours documentation manuals help leave much desired,1,Medium,1
bought replace old kindle fire im happy product hd display impressive everything need,0,Short,1
works perfectly needs little heavy,1,Short,1
easy use multiple uses teenager books games preschooler educational games classroom use online edu games easy storage,1,Short,1
far looks like great machine,1,Short,1
love fire hd display still yet learn everything lightweight easy read clear crisp visually,1,Short,1
love love love,0,Short,1
excited new kindle hdx im sure enjoy much first kindle hd,1,Short,1
im pleased far,1,Short,1
nice little tablet hd find one little sensitive nothing cant handle would purchase,0,Short,1
great tablet price everything need daughter ipad fact paid less win,0,Short,1
free time kindle wonderful young kids makes easy limit access,1,Short,1
love case easy use bend back could set table read hands free,1,Short,1
purchased amazon prime day hoping kindle sold opted fire hd however reading books lowest settings still bright option purchase app dim light cheap solution yes bad principle yes pre built system unless im blind didnt see find feedback online amazon customer service able assist solution created return label wanted refund tried giving another shot see liked using fire hd havent really able pick wasnt looking use tablet functionalities apps etc sending back revert reading printed books,0,Long,0
bought husband always using phone play games go facebook absolutely loves perfect size,0,Short,1
overall great device wish apps available amazon app store could use google apps since android,0,Short,1
wish charged faster problem year old keeps borrowing lol,1,Short,1
item issues causes grandson reboot,1,Short,0
love works perfectly issues,1,Short,1
working well need keep restarting keeps freezing,0,Short,0
great always expected kindle,1,Short,1
come manual need one able refer cant even download one returning item us computer saavy pain neck enough computerized things learn operate without reader one,0,Medium,0
best tablet kid got mine black friday july sale value amazing favor skip nabi nabi jr buy one,1,Short,1
everything wanted expected excellent choice tablet especially already prime member,0,Short,1
predecessor thought ordering upgraded version kindle fire better sound etc exactly sent back nothing wrong predecessor except volume leaves bit desired youre listening books,0,Medium,0
far good previous kindle hold charge stopped working months far kindle holding charge works well,0,Short,1
brought year old daughter loves,0,Short,1
pleased item disappointed paid extra opt special notices receive anyway,0,Short,1
love kindle paper white wanted upgrade,1,Short,1
great far appreciate larger screen hd,1,Short,1
purchased father earthly idea work computer smart phone tablet man wants play games watch movies watch porn far ive able show download game apps even though still thinks yelling kindle enable play better seems enjoy taking baby steps netflix im sure yell kindle,0,Medium,1
battery power last long watch hours shows nite morning completely dead weeks,0,Short,0
works well,1,Short,1
replaced kindle fire hd died months extended warranty plastic back chintzy compared model matter since keep mine leatherette protective case love go sleep close case wake soon open another big improvement actually see photographing instead guess volume power buttons different locations improvement charging port top instead side great dolby sound hd screen would nice slot sd card love fire hd even bought prime day,0,Long,1
love fire hd tablet great value sold sluggish samsung tablet,0,Short,1
far good coupled amazonprime membership device allowed interact media ever im reading listening amazon prime radio offerings exploring shows movies wouldnt normally try great device glad got sale,0,Medium,1
amazon prime dont understand go amazon music shows personal songs amazon songs cant download videos kids,0,Short,0
nd kindle love much original,0,Short,1
daughter ipad since got fire hd could put great product,1,Short,1
great product wanted something surf around house phone big expensive tablet fire meets needs easy setup since im prime member apps shopping breeze,0,Medium,1
love device,0,Short,1
wow kindle fire exceeded expectations crystal clear screen vivid colors quick worked right box registration set required already linked amazon account prime media available password entry family starting miss,0,Medium,1
got days ago would nice instructionsmanual additional cost online manual feels bit cumbersome searching help always easy would nice smart google ipad major stuff fast sharp im sure well friends soon,0,Medium,1
love kindle fire easy read operate good visuals fast,0,Short,1
im still learning use far good,1,Short,1
great tablet price thing dont like ads appear whenever turn tablet awake sleep great product,0,Short,1
first experience good one wife bought nook grandson shes two nooksack saw fire bought,1,Short,1
happy device researched found live exceed expectations easy use powerful plenty storage many uses options amazon kindle help staff awesome,1,Short,1
replacing older version handy,0,Short,1
original kindle still love reading kindle fire awesome great watching movies shows music kids books simple operate fun play around,0,Short,1
wanted gift grandson loves,0,Short,1
second house love,1,Short,1
great value love hdmi capability prefer fire smartphone,0,Short,1
right one star seems complicated use yes play games read book dont know get email contacts set could kindle know put things online explanations computer literate understand talking know old tell truth sending small user manual items like would help,0,Medium,0
received fire hd wouldve never actually wanted reading summer assignment professional narration comes almost every book finished page book days,0,Short,1
fast enough problem free,1,Short,1
least kindle products started reader first came year later husband bought kindle fire christmas died hot tub husband didnt see sitting open cover got replaced warranty one best friend got one put account share books like kind books recently bought another one one gave older one year old grandson birthday loves much love mine log onto local library borrow books use go online locate whatever need use watch shows walk treadmill uses wifi find wifi almost anywhere nowadays rarely problem take kindle everywhere go dont know would without,1,Long,1
hard see screen day light tilt still glare tuff read pool,1,Short,1
bought black friday sale july price amazing gift year old mom far simple enough operate enjoying ability play games well read books best part small light enough hold,0,Medium,1
ipad user long time kindle fire changing fire everything ipad lighter easier carry far totally pleased would highly recommend especially price,0,Medium,1
household owns kindles use time kids love amazon prime videos share apps fire stick tv watch videos stream kindle fire tv applications videos also ipad fire gets use screen nice display user friendly daughter knew work kindle years old,0,Medium,1
replaces original kindle fire new one much sharper faster many features old one still trying figure things much pretty intuitive love,0,Medium,1
quick beautiful display small device,0,Short,1
kindle replacing original kindle fire like version changes dont like one thing original fire charging could tell fully charged seeing light go green new version light need continue check also kindle sleep mode advertisements rolling across screen im fan watching video wow difference original makes imperfections meaningless sound color graphics great negatives like new edition wished would gotten larger screen next purchase larger screen call amazon support original problems tech helpful positive one reason continue buy amazon products stars support,1,Long,1
great perfect size two year old,0,Short,1
easy fun use,1,Short,1
great value quality tech,0,Short,1
love fire hd expected,1,Short,1
nice product easy use,1,Short,1
nice wrong one,0,Short,1
think would good sound wise much fun product,0,Short,1
love kindle fire second one bought replace old nook much reliable tablet price thing dislike silk browser,0,Short,1
like new one getting use,1,Short,1
came expected great upgrade kindle like much took little time get started directions clear easy,1,Short,1
took weeks receive worth wait,0,Short,1
exceeds expectation,1,Short,1
kids love pink,0,Short,1
considering bought dollars rate perfect size sound quality great leave pandora need around house pretty much quit using phone text home feel typing much betterperfect size say one negative thing tablet would would liked hdmi port thought upon purchasing big deal though recommend product buy another one even full price would,0,Long,1
love take every,1,Short,1
great reader streamed movies little slow wifi bandwidth caused lot buffering overall great traveling companion,1,Short,1
battery life less stated bit disappointing like original kindle much better,0,Short,0
tablet great book nerds like image clear tablet fast great camera features little disappointed app store doesnt carry lot common apps instagram wish google play store matched google account certain apps social media important definitely great tablet,1,Medium,0
cons battery seemed drain quickly took load website open app ghz wifi support touch screen responsive devices owned pros good wanted use ereader nice screen sturdy construction,0,Medium,0
easy handle lightweight loaded options best yet,1,Short,1
love great device great clarity movies books awesome,0,Short,1
love step,1,Short,1
kindle fire hd excellent product thrilled abilities fire hd run books games internet access name features ereader size right comfort using makes great travel accessory whether vacation doctors office would happily recommend friend,1,Medium,1
everything went ass planned,1,Short,1
may something new kindle thought words wfriends games would transfer doesnt appear thats case entering password e mail returns correct password help give would greatly appreciated love size happy cover,0,Medium,1
much different fire need learn navigate differently like clearer sharper picture hoping would lighter two love,0,Short,1
love third kindle keep getting better,1,Short,1
happy new kindle works,1,Short,1
keeps kids entertained easy operate,0,Short,1
first mobile device really enjoy using fairly easy operate still learning,0,Short,1
far great,1,Short,1
really handing still getting use size larger phone yet smaller laptop pc,0,Short,1
love far,1,Short,1
happy kindle fire easy set great purchase,0,Short,1
third kindle love great color easy use easy handle,1,Short,1
love new kindle fire daughter one travels rather carrying laptop plan happy,0,Short,1
first timer one relatively easy figure good price,1,Short,1
great product,0,Short,1
im really enjoying sleek design kindle hd wish could use google hangouts,1,Short,1
ive always wanted new tablet fit bill perfectly large nice resolution wonderful sound apps phone lot better,1,Short,1
pleased kindle exactly need carry wherever go thanks great deal,1,Short,1
battery life sucker worst im lucky get two hours run time faster old tablet battery life seriously restrictive shoulda bought ipad,0,Medium,0
used fullest met expectations,1,Short,1
problems profilemain account setup daughters profile appears trouble switching mine screen also displaying correctly ended deleting profile recreating far seems okay dont want jinx,0,Medium,1
far actual product love perfect far unable keep devices one account share prime membership separate cloud storage stinks kindle fire hds fire phone devices one account apps show devices well photos aware fact buying one,0,Medium,0
like much,1,Short,1
basically using kindle reader features like reader able read bed without lights use black backround easier eyes,0,Short,1
learning use love far first time ive ever touch screen anything fun challenging,0,Short,1
nearly easy use reader nook arent many options set page color brightness either give book options purchase cheaper like would happier another nook,1,Medium,0
quite happy fire hd since didnt use days asking pin unlock use recollection pin first place tried multiple times get assistance wwwamazon comdevicesupport get message page unavailable,1,Medium,0
good highly readable tablet lot great options readers bought device however way many ads including explicit content battery life terrible charger inefficient,1,Medium,0
arrived quickly ok packaging great product,1,Short,1
daughter loves shes happy im happy,0,Short,1
nice product much faster first kindle great price,0,Short,1
happy purchase resolution screen makes everything crystal clear vibrant,1,Short,1
second kindle fire first generation years still defective charging port replaced one certainly steps faster dont problems accessing internet sites like old one google drive say fan kindle fires one nice,1,Medium,1
purchased kindle fire hd prize recruiting contest church youth group young lady ecstatic youd thought gave million dollars beforehand loaded full preteenfriendly apps books downloading simple quick kindle great speed super clear screen comes packaged nice secure im looking forward eventually getting one,1,Medium,1
product much realized wow love got reading everything,1,Short,1
kindle actually performs better kindles six wish bigger like hd hdx,1,Short,1
love kindle firebut cant find case sure fitwith onoff volume button visible right placesupdated kindle fireh even good features,1,Short,1
great value use amazon services use email apps bad great,0,Short,1
great kindle reading viewing videos,1,Short,1
cons amazon app store leaves lot desired compared big three windows android apple keep finding hitting home button typing pretty annoying inability change background photo choosing pros amazon prime tablet works pretty good instant video services get amazon prime keyboard fluid doesnt seem lag battery life good,0,Medium,0
still sure kindle im big kindle userthis th one problems initially havent much time see iron dont like advertisements overlook,0,Short,0
still learning far love,0,Short,1
looks works well,0,Short,1
much like original issue battery life original battery would last easily days light email research suppose enhanced screen speed suffers longevity still find kindle best tablet far mean also k kindle nexus kindle hd fire top list would buy recommend,0,Medium,1
worked fine,1,Short,1
wanted one awhile glad found special price,0,Short,1
couldnt better,0,Short,1
like kindle periodically freezes reboot get work read similar posts wonder amazon hasnt fixed bug yet seems figured,0,Short,0
exceeded expectationsthis better kindle hd purchased year ago,1,Short,1
love great reading,0,Short,1
disappointed purchase love amazon love kindle fourth kindle purchase purchased july prime day deal looked great already hd previous generation wanted get one husband delays shipping compensationcredit arrived noticed much lighter previous one good way seemed like much cheaper version old one also able download apps installed kindle emailed customer service told model kindle fire could download apps already returned latest kindle purchase disappointing,0,Long,0
love far,0,Short,1
weve kindle months daughter still loves much day bought replace old one slim lightweight front rear facing cameras definite improvement old fire although rarely reads uses daily pretty much like would phone one uses various apps watches movies shows skypes friends im glad chose stick kindle instead switching another brand,1,Medium,1
shuts constantly happy never buy another one recommend kindle anyone,0,Short,0
works well downloading prime movies locally reason would recommend otherwise nice interface ipad,0,Short,0
love even thought would still learning apps isnt difficult also loved price since got amazon prime day,0,Short,1
got yr old son promise straight grades loves plays games reads books two favorite things,0,Short,1
ordered flash sale mom mom loves laptop uses elderly trouble operating kindel,1,Short,1
got great price works better ipad mini constant connectivity problems,1,Short,1
bought wife avid reader loves,1,Short,1
plain works,1,Short,1
arrived way earlier expected clear image tons space quick respond learn features upgrades older kindle nice size nice images slick looking device nothing complain,0,Medium,1
good overall good price,0,Short,1
problems adjusting font screen color still working problem,1,Short,1
eight year old daughter loves item perfect hoping grow least end middle school,1,Short,1
ive used fire hd good performance screen brighter coloraccurate seeing repeat incident embedded specks surface screen fire tablets makes wonder gotten screen protector may property screen ive conducted stress tests seems case still older models exhibit condition also found dead pixel,0,Medium,0
works great yr old loves,1,Short,1
connect wifis otherwise great,1,Short,1
love waited weeks get thought bit long,1,Short,1
works great easy download purchases issue charger matter usually takes like minute plug charger kindle even husband kids try experience thing,1,Medium,1
suppose price get pay internet slow always bunch ads everything even keyboard search features user friendly think would give kid instead ipad price get new ipad bummed lack amazon quality,0,Medium,0
using fire wanted little larger screen pleased kindle fire,0,Short,1
wonderful nn,1,Short,1
nice easy use good graphics audio,1,Short,1
item delivered time adequate packaging using week complaints far,0,Short,1
love far,1,Short,1
nice tablet price,0,Short,1
like actual amazon fire didnt like getting weeks ordered also online chat talk customer service even get started could connect wifi several conversations determined problem kindle wrong time date changed able connect frustrating kindle seems user friendly like touch screen much better keyboard old one,1,Medium,1
like fire,0,Short,1
days far met expectations pleased,1,Short,1
never inundated ads every direction would angry hadnt free work feel bad anyone paid,1,Short,0
great device games light web surfing emailing etc little heavy ereader though device protector installed little difficult swipe close book go back home screen screen bright easy see gb memory keeps zipping along fairly quickly,1,Medium,1
expected lot even able print something like size light weight,0,Short,1
would like lock screen images like kindle fire things like kindles,0,Short,1
cant find downside product love use daily,1,Short,1
love kindle fire small tablet ive owned ive heard headaches daughters galaxy caused ive rarely issue minor ones ive generally easy resolve,1,Medium,1
ordered prime day good deal happy fire phone excited used one time worked pretty good although little difficult tell apps closing device fully charged used second time less three hours usage logged onto internet device froze stayed way least hours matter many times tried could turn get kind reaction eventually screen went blank turn back returning serious doubts reliability fire phone would hate freeze really need hd comes pretty black orange box like phone unlike phone shipped flimsy tight plastic bag bubble protection similar way bank ships box checks let dont buy one,0,Long,0
part problem didnt homework got windows phone really like miss apps android iphone looking kindle white save fire sale thinking would solve apps problem give apps get windows phone found download apps amazon store google store apps install windows phone able install amazon music kindle device im happy android device im,0,Long,0
love kindle everything need works like need husbands tablet died gave mine ordered kindle happy purchase,0,Short,1
still much help dry eye,1,Short,1
lot lighter first kindle definitely capabilities love color cobalt blue hd pictures skype,0,Short,1
like tablet awesome,1,Short,1
love cannot put best purchase ever made,1,Short,1
love made grandsons happy,1,Short,1
perfect college school,1,Short,1
well worth price purchased fire hd acclimate tech devices affordable option purchasing similar competing brands hundreds dollars concern fire hd kindle purchases linked fire one book purchase made fire link kindle,1,Medium,1
price bad soc pretty slow ran tales borderlands choppy times making quick time events difficult sometimes,0,Short,1
thank much received said item excellent condition,1,Short,1
best tablet amazon amazing,1,Short,1
constantly freezes reboot,0,Short,0
first experience tablet pleasantly surprised lot faster expected battery life excellent,0,Short,1
excellent quality like,0,Short,1
great little tablet unfortunately tied amazon app store small fraction apps compared google play store advice buy cheap android tablet install apps want instead,0,Medium,0
loved first generation kindle fire bought one first one stopped charging unaware ads come device like paying extra later point removed would preferred option initial purchase overall generation kindle okay wish old one still worked though adored one isnt living others standards yet ill keep using update feelings change later point,0,Long,0
love much faster phone much easier read done,0,Short,1
ordered prime day delivered week later live seattle graphics good heavier expected disappointed apps available app store great mobile interface certainly better price ipad reading books apple still seems best selection integration apps,0,Medium,0
device allows leave laptop home travel saving space added weight carryon bag like way allows link various account stay connected im away home also love color,0,Medium,1
big improvement earlier version lighter faster battery life ok still hate carousel feature least app favorites stay instead lucked bought price definitely worth,0,Medium,1
new th gen amazing things dont care fir back light bright time small improvements great use kindles one gas recharge read one listen eyes bothered screen gives intense eye pain love text speech listen buy great books want read continue enjoy new fire hd thanks amazon,1,Medium,1
wish old malfunctioning kindle back one worst upgrades ever get use internet whopping ten minutes get message internet isnt working website reset factory settings twicesame thing ten minutes internet use shut restart sent first one back replaced new one thing new router new modem new wifi printerthis thing cant find long total junk dont waste time money,1,Long,0
love everything except color although bad color favorite rest great,1,Short,1
intermittently turns without warning return,1,Short,0
kindle fire everything hoped,0,Short,1
awesome love,0,Short,1
disappointed battery life compared older kindle firein standby mode drains quickly,0,Short,0
wantedworks fine,0,Short,1
really good,1,Short,1
son loves itbought son still ohing aahing,0,Short,1
awesome productjust took get,1,Short,1
perfect children love parental control,1,Short,1
love got great price,0,Short,1
bad little device like parental controls child fairly easy set use battery life great,0,Short,1
impressedliked old kindle bettergets hung freezes times,0,Short,0
perks didnt expect gift son loves,1,Short,1
son loves finally leaves mine alone,0,Short,1
best thing since sliced bread,0,Short,1
liked allot first months stopped working big problem since careful dont money drop one every year dont tablet getting one amazon time comes,1,Medium,0
love kindle fire bought one relative needed something get facebook read much great product would recommend anyone everyone,1,Short,1
lose place cant retrieve,1,Short,1
ive fire hd months recently started lock would close app able open anything else scroll list apps clicking nothing restart fixes everyday point lock really frustrating also disappointed theres youtube app original fire well one issues thought id give newer version try looks like issues think im done fire,1,Medium,0
love fire one first generation kindles wifi awesome,0,Short,1
works well havent issues wish could change wallpaper,1,Short,1
pros nice looking screen long battery life cons riddled ads seems showing ads way important letting get apps actually enjoying tablet buggy least day locks restart probably built ads processing power consume google play store get amazon wants buy allowing access google play takes away many useful apps kindle could used final opinion returning getting adfree google play enabled device,0,Long,0
far tablet preforms anticipated,1,Short,1
battery life small great price,1,Short,0
like like,1,Short,1
definitely kid approved havent even able play new toy yet,1,Short,1
like set like fire stick tv im already familiar,0,Short,1
great far,0,Short,1
wife loves reached original fire,0,Short,1
love new kindle fire,1,Short,1
good quality shipped time,1,Short,1
happy new fire hd third device tablet series hooked cant without ease use excellent customer service matchless thank amazon reliable awesome product,0,Medium,1
love hope charging port lasts model break easily ports models kindle,0,Short,1
issues everything great,1,Short,1
great device user friendly tons power features would definitely recommend,0,Short,1
good tablet wish apps available download tablets,1,Short,1
meets needs,0,Short,1
satisfied way fire works,1,Short,1
excellent kindle ebook reader book ordering application poor things expect buy device shows advertisements log browser hard use onscreen keyboard varies tremendously applications configuration settings undocumented device use google troubleshoot issues amazon site annoyed go laptop effectively manage content device accessories case shuts device close cover included instead separate purchase cannot run office despite android based,1,Long,0
need help setting stuff fire hd useless setting dont want view stupid movie video want set kindle legally blind read books,1,Medium,1
like amazon like amazon prime loved first kindle ereader really love second kindle ereader absolutely positively hate kindle fire thank god bought sale paid price would even angrier ha problems since day one bought thing use audible love kindle fire decided stop downloading books phone help desk hour technician tried figure problem music player literal piece freezes wont play stops playing suddenly wont let change songs thought everything like amazon service original kindle fire would good investment wrong,1,Long,0
dont like cord,1,Short,1
amazon fire hd pros clear picture good storage capacity cons little heavy pretty much apps amazon store user friendly device,0,Short,0
android google device lacking access google play store unaware time purchase consider device defective reason,0,Short,0
love kindle fire hd son purchased kindle fire years ago pleased someone stole one right absolutely amazing especially love camera still learning one loving glad caught prime day keep great work amazon,0,Medium,1
great although could without camera terrible could used space something else perhaps great product,0,Short,1
east use looks great thanks,1,Short,1
wanting one awhile purchased amazons black friday awesome deal kindle works greatabove expectations,0,Short,1
great current technology learning go,1,Short,0
heads maybe help someone else problems new kindle fire original problems kindle still works turns reason apps working kindle hd needed run kindle update immediately box guess might need maybe smarter right away call kindle support system update solved problems tech figured instance netflix working update,0,Medium,1
regular kindle received gift liked possibility much reading material accessible bought kindle fire love able read anywhere internet access music games much,1,Medium,1
expected hoped happy,1,Short,1
stars iwent st gen kindle fire considering new quite lock ups slow downs trying start program load something first gen kindle bit towards end life new another kindle every thing old one extras almost never use sum expect shouldnt get slow freeze new loses one half stars,0,Medium,1
love nice something larger phone smaller laptops,0,Short,1
gift husband loves,0,Short,1
loving fire hd runs much faster older one loving camera takes great pics also love magenta color sooo pretty,0,Short,1
even better design old one love,1,Short,1
way exceeded expectations great kendel book reader great tablet like apps really like book reader also kendel like fire better,0,Short,1
price easy portability cant beat satisfied ease programming usewould recommend anyone interested device type,1,Short,1
glare using outside,0,Short,1
happy product earlier fire couldnt resist price,0,Short,1
rather disappointed takes long time charge hold charge long,1,Short,0
third kindle say disappointed scene blacks freezes love reading loved kindle upset one like last two,1,Short,0
best ever best apple windows anything looking tablet stop right buy kindle need look else,0,Short,1
love fire awesome upgrade original kindle keyboard works better column controls side kindle lots battery life,0,Short,1
love far learning ends outs using,1,Short,1
kindle keyboard years loved except needing separate light black whitethen gifted new firedont need light pictures color movies musicfabulous new crossley id guide study plane trusty kaufman field guide backpackevery ounce counts packing kindle fire rocks thing kindle keyboard better battery life also one trick pony really fair comparison,1,Medium,1
love read whether actual book new kindle fire kindle fire gives another source reading love ability able multiple books disposal one time also access books purchased phone well awesome,1,Medium,1
use acer inconia two years doesnt work ok tablet kindle fire hd excellent thought wouldnt like size tablet came acer quickly adapted fire picture quality beyond amazing also amazing sound quality perfect acer get bluetooth speaker sister samsung galaxy tab sound quality low also needs additional speaker kindle fire hd complete mainly use watching movies add facebook twitter etc would recommend getting case protect certainly high quality piece electronics,1,Long,1
love fire hd expect needed additional ereader fire like tablet would buy,0,Short,1
supposed would definitely recommend,1,Short,1
like button good thing nails,1,Short,1
buy want use reading good tablet surfing internet device frustrating crashes time totalling useless buy basic kindle e reader instead,0,Short,0
dont see kindle fire cant noglare screen ability read outside like read yard dog park etc really difficult even worse im wearing sunglasses page numbers books either also freezes doesnt open present page im kind disappointed newer model,1,Medium,0
works perfect needs,1,Short,1
still evaluating unit far good time tell,0,Short,1
holy cow ads every product sun available kindle vitamins software books insurance semen storage tanks ive seen ad everything past hours ive owned thing,1,Medium,0
seems hang turn restart like lot,1,Short,1
perfect six year love could set parental controls specially daughter purchased two movies blocked extra needing access six years old lol thank amazon thinking every parent,0,Medium,1
great product price im happy thing little disappointed fact watching movies amazon prime mirror option love,0,Short,1
havent mine even week yet fari think great,0,Short,1
love screen crystal clear easy set lots apps happy purchase,0,Short,1
great nice clear screen loads fast,1,Short,1
way beyind expectations especially cost love amazed functionality even listened music preparing dinner watched tv series bed thank amazon,1,Short,1
found navigating previous kindle fire much easier finding new kindle fire hd dont like seeing ads turn also like swipe finger across screen older kindle turn easier tap navigate hit home new kindle fire hd nice guess use kindle fire bought amazon prime day recently good reduction price able upgrade newer version otherwise would bothered purchased,0,Long,1
love new kindle fire hd older kindle fire camera awful could adjust rear face front face difficult get pictures plus amazed clarity new kindles screenhd definitely makes difference ive using less week love,1,Medium,1
fire love,0,Short,1
best bang buck also great parental controls,0,Short,1
easier completely exit apps one time able swipe carousel also need fix twitter app top tweet feed always half screen,0,Short,0
didnt think needed tablet old kindle diedi decided go great choice,0,Short,1
may look like android tablet part behaves like one apps available amazon app store pretty much available google play store first look least since got way good parts device designed integration amazon shopping music movies well done device sound phenomenal small speakers video quality beautiful battery life watched episodes firefly used battery apparently may download videos offline viewing havent tried yet,0,Long,1
grandchildren already got fire xmas impressed performance determined get one well able pick incredible price amazon day ive happy ever since fantastic movie viewing thanks amazon,0,Medium,1
ok techy kids much better tablets price range biggest problem lack memory available gb like get gb interface poor modern standards would recommend people stream amazon services heavy also compared size within days delete stuff daughters allow internet connection,0,Medium,0
really dislike sign every time dont know necessary especially since never since got second kindle confused books ordered new ones others showed much read piled together showing amount read suddenly lost interest games also reading main idea wanted kindle get back reading books enjoyable hope get feeling back,1,Medium,0
great expected,0,Short,1
great everything need school,1,Short,1
yep love fire use time best,1,Short,1
wish gotten samsung tablet time silk browser downloading times ridiculously slow,1,Short,0
happy product convenient easy use,1,Short,1
really think booklet enclosed explaining functions kindle senior citizen believe important maufacturers understand everyone familiar computer language instructions plain english sure device works fineif could understand,1,Medium,0
amazon app store lacking returned product,1,Short,0
good product,1,Short,1
love new kindle fire hd first fire like really slow hard type one handles typing much better organizes everything nicely issue battery doesnt really last much big fan,1,Medium,1
joythis little compact computer real joy thanks amazon,1,Short,1
really love kindle easy use much reading books,1,Short,1
great product love,1,Short,1
love new fire quick set easy use info easily transferred first gen one thanks,0,Short,1
smaller kindle nice easy pack work little frustrating using video want go next video takes several times touching screen finger page moves using instant video prime letting start stopped manually find next episode mini series season doesnt show email buttons well appear bottom screen im keeping like im using buy another largest kindle fire love stays home family,1,Long,0
ordered kindle hd hate freezes constantly power back get book anything today downloaded new book download book open dont see anyone likes thing im sticking ipad,0,Medium,0
love never thought would actually like reading one love able hold book hands turn actual page however pretty great,0,Short,1
easiest tablet ever used,1,Short,1
employers bought kindle fire hd two weeks ago hoping get one front rear camera instead got frontwhat really love im grateful sorted outplease contact via email,0,Medium,1
purchased wife replace st generation kindle fire loves extra speed reliability,0,Short,1
bought great price nice tablet price paid,0,Short,1
love love love screen seems much brighter kindle many options lot faster,1,Short,1
got mom hp tablet fire hd stock needed time birthday july st day fire hd tablet bit special ordered fire arrived yesterday little trouble getting right amazon account mine sons account fire ball well grandma got together respective fire hp tablets decided heavier bigger hp better son fire hd tablet better grandma arthritic thumbs lighter slimmer easier maneuver switching sunday dinner weekend kudos great fire grandma great hp grandson son,0,Long,1
luved everything expected,1,Short,1
happy older kindle fire connection inside made charging difficult still great features,1,Short,1
learning offer far great,1,Short,1
pleased purchase,0,Short,1
pretty much like one except hd camera new great buy wish button lit charging like old one though,0,Short,1
absolutely love,1,Short,1
good tablet times freezes ive already reset carousel disappeared could get appstore list apps etc open top menu,1,Short,1
perfect size travel tablet cant seem get sling tv app android download,1,Short,1
cannot fathom much,0,Short,1
fire hd easy use quality kindle products would recommend anyone looking ereader especially like ability move around fire complicated difficult fire enables read stay connect world,0,Medium,1
great machine original fire big difference picture speed,0,Short,1
like hd expect,1,Short,1
good value right size performs adequately things considered would purchased ipad mini apple pad worth extra cost,0,Short,1
much faster easier use ipad needless sayit cheaper,0,Short,1
compact easy use powerful holds charge well,1,Short,1
good product price range far need fixed iswhen videos played youtube rotate horizontal video jumps edgesi hate rest perfecthope get os update fix,0,Medium,1
much better last kindle,1,Short,1
love love love kindle fire much expected love camera crystal clear screen everything kindle fire last model first generation hd model came love kindle giving little grandchildren play games daughter read books cant rate new one high enough stars available would give love,0,Medium,1
kindle everything need front rear camera really nice check mail along many things dont take two items one reading books major reason kindle light weight last one gift couldnt received better birthday present,1,Medium,1
really excited get tablet first one didnt camera one freezes time havent downloaded anything havent seen anything posted would help either needless sayhavent used either camera im disappointed,0,Medium,0
hd display great device still working synching things nice product price,0,Short,1
gift husband im really enjoying,1,Short,1
would like buy extended warranty product please,0,Short,1
nice wish amazon account want linked tablet,0,Short,1
love fire year old loves fire mother loves fire brother loves fire wish bought brand first time around,1,Short,1
disappointed find could access google play store couldnt get nook app device like kindle app nook hoping able one device nook starting get bit slow fault enough research device works wellit doesnt allow convenience hoped would,0,Medium,0
think heads flash compatible order otherwise supposed,1,Short,0
great however arrive smudge cant cleaned back,1,Short,1
easy use fast shipping fast internetlove,0,Short,1
sale price ok tablet owner ipad also tell comparison spend extra money get ipad,0,Short,0
read magazines fire color great worth every dollar,1,Short,1
suddenly utterly completely died six months great guess think disposable product buy new one twice year would fine,1,Short,0
outstanding clarity graphics,1,Short,1
still learning curve using far set easy didnt give star rating irks download instructions etc instead including box,0,Short,1
soooo excited get tablet soo disappointed like new things wasnt completely charged first got n like ok drain n charge thinking around oclock n battery charged tablet charging use cable gave seriously freaking percent hrs charging unplugged n wanted see maybe battery didnt die fast yea right within mins charge dropped charge n wasnt anything heavy n screen lowest brightness think might return,0,Long,0
old fire going friend glad passed glad get seems definedand love color love keep stuff trips dont need laptop,1,Short,1
dandy ereader tablet capabilities well built already taken fall two good packaging giftee pleased,1,Short,1
tablet difficult use instructions included returning,1,Short,0
still new dont like lack apps im used iphone available amazon app store even simple apps like home depot lowes app store battery life seems good resolution excellent,0,Medium,0
great value compared luxury tablets love everything seeing im tech savvy could see might limiting ways others,1,Short,1
absolutely love love love tablet,1,Short,1
glass original kindle shattered sad heavy heart bought new kindle fire even better old one everything old kindle transferred new kindle happy thank,0,Medium,1
great travel needs,1,Short,1
love fits purse perfect would investigating would encourage everyone buy ipad iphone nes would easily give phone never ipad kindle fire love tablets,0,Medium,1
works perfectly exactly advertised,0,Short,1
great tablet functional,0,Short,1
like lot,0,Short,1
able use anything google play store annoying cant play music send via email tablet cant seem add music android devices omg cameras totally suck theres way thats hd quality pictures throw away cameras early take higher definition pictures wow thing major dissapointment oh shipping took weeks theres way add music amazon cloud stored another tablet example samsung galaxy note tablet alot wma music theres way send cloud id able listen fire tablet send music cloud cpu mac wouldnt ever buy amazon app store also sucks barely good apps,0,Long,0
love new kindle fire hd,0,Short,1
since feburary year doesnt connect internet,0,Short,1
nice size great picture pretty fast easy set use lots aps make pretty darn functional didnt give solely didnt meet expectations must admit benefit hindsight expectations high expecting full featured tablet reasonable happy hope use long time,1,Medium,1
ok works well prefer ipad cant beat price,1,Short,0
kindle arrived right time set black friday great,0,Short,1
still functional great graphics good chunk memory taken os ability create multiple profiles profile sucks lot memory,1,Short,0
nice great speed color wish larger screen people problems eyesight,1,Short,1
suits needs love size books great,1,Short,1
always great product rd one home right,0,Short,1
kindle works great reason rating description doesnt clearly say generation makes difficult select correct case,0,Short,1
ok larger one much easier read must gotten virus longer works,1,Short,0
excellent product works fast screen big,0,Short,1
love fire hd busy downloading books apps morethe camera seems like pretty good looking forward learning use everything,0,Short,1
excellent product capabilities imagined,0,Short,1
pay extra take annoying ads dont option change wallpaper costumize display someone told would bought piece sht bought tought getting good deal primeday fire phone love crap,0,Medium,0
good kindle son different tablets best one ever,1,Short,1
im enjoying gift learning use fire hd,1,Short,1
nice unit good disappointed wont work chrome cast,1,Short,1
bought present wife using cell phone try keep face book things looking new phoneslarger easier read worked perfect home using wifi plus likes better original kindle reading car ever,0,Medium,1
great picture tends freeze times apps wouldnt picked like wall street journal come pre loaded reason dont like commercial appears every time log,1,Medium,1
expected great product,0,Short,1
older model daughter essentially took ownership upgraded great value money thing disappoints older model hdmi output one,0,Short,1
good value money,1,Short,1
tablet consumer friendly capable connecting easily wifi additional internet options including amazon features kindle books movies music music great deal,0,Short,1
absolutely love,0,Short,1
take tablet everywhere go ty fire perfect,1,Short,1
upgraded kindle fire many features available havent even discovered yet favorite feature ability lock autorotate camera takes nice photos sound good quality havent problems yet,1,Medium,1
original purchase included defective charging cable went line amazoncom sent replacement good useful first kindle half size,1,Short,1
fire days scratched surface far good,0,Short,1
pleased get gift wanted lighted screen older model kindle keyboard liked fine like using flashlight read night charge old kindle lasted forever read lot new version barely lasts book half probably stuff still love reading light wonderful bright hurt eyes give old one though times charging available,1,Medium,1
like lot wish button used older kindleat bottom round also liked carousel display older one havent figured possible access things without unlock screen one,1,Medium,1
awesome great deal love,1,Short,1
second kindle first one plain jane love fire easy navigate plays music games books theres gotten yet highly satisfied used far,0,Medium,1
satisfied easy use,1,Short,1
love lot better old model,0,Short,1
kindle fire hd second first still top condition wanted second carry around case something happened first one thing noted micro hdmi port new replaced ability fling shows tv also kindle tv fire like micro hdmi port new one noticeably faster kindles speakers much better ipads bought quickly returned ordered cant go wrong,0,Long,1
far good happy camera function megapixel resolution makes crummy pictures aside pleased,1,Short,1
reading good problems getting wifi understanding programs,0,Short,0
kindles enjoyed really like fire enjoy give stars,0,Short,1
im still learning use love,1,Short,1
love everything new kindlei read night without lights favorite feature,1,Short,1
luv great reading portable,1,Short,1
love amazon kindle products battery one isnt standard ive experienced products friend similar experience battery lasting hours hate stars,0,Short,0
disappointed didnt enough research storage size works fine otherwise,0,Short,0
early generation kindle fire one definitely features starts much quicker gamen graphics appear bit different old kindle fire also far pleased purchase,0,Medium,1
well pleased kindle fire would recommend,1,Short,1
great product,0,Short,1
first tablet great month later nothing freeze got suckered buying antivirus app cache clearing app nope nothing changed still freezes slow pay extra money ipad pay u get,0,Medium,0
love disappointed anything,0,Short,1
like lot,1,Short,1
excellent item buy,1,Short,1
love thing could say make better coincided google play store amazon store growing,1,Short,1
experience tablets uses ipad moderately pleased fire hd image quality good size device perfect use mainly viewing videos flights document reading occasional shopping email processing bit slow choppy sometimes prime day rate hard pass,0,Medium,1
second kindle hardly ever open laptop anymore everything want kindle complaint new kindle charge cord short,0,Short,1
great tablet money use everyday battery life great wish iphone good battery,0,Short,1
really appreciated purchase worth,0,Short,1
fantastic came early,0,Short,1
much lighter previous fired hd screen clarity excellent favorite feature printing fire internet,1,Short,1
love kindle battery charge seems shorter recharge twice day turn kindle want get book reading otherwise great item,1,Short,1
experiences advertised,1,Short,1
love ease tablet hate loaded show ads every time open,0,Short,1
happy slow force stops every minutes many apps available needs colors clarity good suit needs whatsoever useless,0,Short,0
hubby loves kindle fire hd,0,Short,1
awesome little tablet basic internet needs love favorite amazon apps easily accessible facebook works great email access web browser movies music course books brightness adjustments really nice outdoors browsing late night connect easily open wifi public take almost everywhere definitely get protective case ive accidentally knocked onto floor times kid friendly mine ages use easily love multiuser capability parental controls doubt disappointed purchase,1,Long,1
wonderful prior kindle fire long warranty thanks,1,Short,0
week got stuck restart loop disappointed device amazon making right brand new fire,1,Short,0
micro hdmi port cannot find micro usb hdmi adapter cord work th generation amazon hd,1,Short,0
great little device love,0,Short,1
great watch movies get email surf web,1,Short,1
screen lock toddler kids returned mine,0,Short,0
easier learn expected wonderful unchanged computer,1,Short,1
ui terrible prevents even basic attempts customize resizing ridiculous oversized icons getting rid horrible looking carousel home screen get low cost supposed covered part adverts amazon really ham fisted isnt good reason complete lack customization home screen excepting android half dead frankenstein monster number apps may find useless come preloaded removed cutting gb significantly time get box also batter power doesnt last long claimed closer hours suppose decent enough tablet tech knowhow root strip os decent one,0,Long,0
wife got one recently brainer went sale fast convenient,0,Short,1
great last got kids year light use failed wont turn hours tech support told would buy new ones parents spend little extra get ipad mini good protective case last years longer controls built ipads actually better permit kids go certain websites first time ive seriously disappointed amazon,0,Medium,0
love play around time,1,Short,1
mom loved christmas gift,1,Short,1
needed interface cant install google play software already paid without rooting thing freetime app comes installed makes easy easy kids fill small storage nothing works example wifi keeps shutting storage full,0,Medium,0
new unused offon button work things instructions videos user guide nothing worked called talked nice person sent back replacement instead sending brand new kindle received refurbished one one worked didnt charger plug found would pay extra happy camper,1,Medium,0
wonderful love,0,Short,1
everything wanted extremely happy,0,Short,1
sound went kindle reason response fix amazon second kindle rather disappointed,1,Short,0
kindle fire hd wonderful screen clarity color amazing gift husband great gift,1,Short,1
product met excepted expectations cant say enough good things,0,Short,1
screen died last kindle fire year two use purchased new one already problems first,1,Short,0
great gifts kindle household love,1,Short,1
clearer cameralove,1,Short,1
unaware current tablet meeting needs getting new fire however since last tablet android assumed would able add similar apps nook fire wrong nook books dying tablet way read new fire tablet hey amazon get program add nook app like havent made buying amazon easy one click something sure books kindle edition nook must rush read nook books go buy nook reader,0,Long,1
best tablet size price range youll find market,0,Short,1
awesome deal,0,Short,1
really enjoy kindlegood sizeeasy setup even technically challenged melight weightquick charge definitely recommend,1,Short,1
love got great price mokes makes love itore,0,Short,1
love playgames search items,1,Short,1
far love,0,Short,1
new kindle belongs annette dipsolo bought visa using namewhy registered husband gave older one,1,Short,0
bought nineyearold far good accidentally drops everywhere luckily damage yet son uses timer function reads great motivator gadget getting read much also opportunity explore audiobooks tablet like color personalization option like son sense individualism things one thing dont like kindle fire constant advertisements one types password whether connected wifi,1,Medium,1
disappointed product quality features frustrated bought ipad instead,0,Short,0
great price amazon prime day,0,Short,1
second kindle fire buy another one son broke first one missed much,1,Short,1
great use within amazon ecosystem start venturing inevitably disappointed google apps support means official apps appear fire hd tablets often languish long periods time without updates leaving fire hd users wondering ever get current experience amazon apps works fine lack storage noticeable anticipated gb higher fine gb way way small fine cheap tablet amazon look android tablet likely disappointed,1,Long,0
replace kindle fire lost little disappointed one later generation much better getting used learning like much better gotten larger one would happier graphics good quality oh price perfect actually love,0,Medium,1
third kindle cant say enough price fantastic,1,Short,1
getting hang never used one fun,1,Short,1
meets needs fun,0,Short,1
great product convenient size,1,Short,1
awesome tech toy lots apps beautiful display extremely user friendly huge bang buck well worth money,1,Short,1
wanted gb version sold soon settled gb version user usable memory size gb limiting app install negating advantage fire hd offline video viewing store episode mins show sd gb came freetime amazon parental control software basic function time limits videogamesbook however adding contents children accounts straight forward crumbersome also annoyed upselling freetime unlimited costs extra,0,Long,0
great tablet super fast however indestructible advertising claims screen popped corner problem popping back,1,Short,1
granddaughter loves,1,Short,1
much lighter old kindle expected easy set,0,Short,1
product anticipated enjoying,1,Short,1
th kindle purchased grandchildren love product,1,Short,1
learning play,1,Short,1
like wish usb port,1,Short,0
several years using basic kindle given fire hd clarity color features better expected easy hold rotated degrees image stays upright blast,1,Medium,1
yes husband loves,0,Short,1
battery last longvery disappointed,1,Short,0
absolutely love meets expectations,1,Short,1
awesome never kindle loving free apps stick purse vacationlove app white light healing relaxing could never got without kindle sit chair enjoy playing games getting organized dont know got along without cant carry around computer tablet tablet free apps,1,Medium,1
much ads,1,Short,1
heavier nook also hd setting function check books library complicated display lot glare price right like camera function skype,0,Short,0
battery last long,0,Short,0
one best inexpensive tablets market say first one received problems would restart self freeze easily however amazon customer service everything could fix tablet couldnt anything sent brand new tablet got tablet worked one best devices ever bought works reading browsing internet listening music things tablet runs android even though android apps ios apps run smoothly recommend amazon kindle fire hd anyone looking inexpensive tablet operates withoutt wifi use everyday use,0,Long,1
thing piece junk freezes every time use slow wish hadnt wasted money disappointed,1,Short,0
doesnt usb port,0,Short,1
solid feeling tablet everything would expect,0,Short,1
replaced sons kindle fire hd fire hd said longer make kindle fire hd unfortunately doesnt download games especially asphalt sons favorite game son loves cars much game favorite able download fire hd makes device seems useless contacted amazon said want modify device asphalt downloaded call back never heard long time wish something,1,Long,0
son got gift loves memory space generous also store stuff cloud account,1,Short,1
screen freezes often,0,Short,0
amazing reason rate stars kicks silk browser,0,Short,1
son loves figure use lol,0,Short,1
disappointed unlike previous model except hdm cable reason order port old model malfunctioning,0,Short,0
really enjoy kindle hd fire third kindle kindle hd fire wonderful complaint rear facing camera opinion would best reader market,0,Short,1
love use everyday check email go netflix anytime minutes shop minutes wonderful carry purse end,0,Short,1
familys th kindle kids adults everyone happy,1,Short,1
pretty weak honest need advertising cant change background kindle use advertisements speaker pretty quiet layout kindle carousel thing annoying keep cause got cheap dont another tablet def looking upgrade ipad soon,0,Medium,0
love screen view seems much vivid original kindle,1,Short,1
great value money better espectations,1,Short,1
good quality,1,Short,1
first tabletso hard compare anything mid technically challenged therefore figured one would great learn finding awesome sometimes get help grandkids used camera downloaded apps played games far great still exploring learning,0,Medium,1
definitely ipad took time writing review really wanted like wanted use device watch hulu netflix browsing shopping checking email reading disappointment lack quality display whenever watching netflix hulu display hd matter fact watching videos constantly refreshing recommending downgrade video sometimes locks need shut restart update still lousy ive kept device updated even updated apps case app issue luck seen issues ipad apple tv fire stick stream well always,1,Long,0
works great apps turn different things one alarm clock another radio using tunein radio,0,Short,1
dont buy ugly heavy pos device save ipad,0,Short,0
good tablet,1,Short,1
great tablet money,0,Short,1
kids say battery power better kids say better samsung galaxy tablet also like bettet ipad minii personally like ipad mini better like better samsung galaxy tablet,0,Medium,1
fast shipper really like kindle fire used many tablets easy use want read surf internet wish time use month old tries steal lol,0,Medium,1
bought bluetooth keyboard specifically able write away laptop however work google docs unless root voids warranties makes sad really like amazon kindle paperwhite dont want play well others cannot use plan return search better tablet,0,Medium,0
delivered quickly easy use right box love,0,Short,1
flaw doesnt permit adobr fladh drive download otherwise fine,1,Short,1
sent back could read bright light,1,Short,0
rd kindle far really like first one camera like option also fire sticks tvs kindle found without anything,0,Short,1
kindle ok prime day disappointing,0,Short,0
wish korean language pack,1,Short,0
like improvement first fire,0,Short,1
think im going love new technology new takes bit time get used love clarity color device also love paperwhite need sit take time learn,0,Medium,1
far good,0,Short,1
purchased gb gb storage space happy seriously considering returning,0,Short,0
love hd fire older one starting feel age new one rocks love watch television show ability show scene play etc go know actoractress somewhere find name info,1,Medium,1
love tablet kids especially put parental controls daughter couldnt purchase apps without permission,0,Short,1
far great,0,Short,1
display great freezes often,1,Short,0
really like bought installment plan pay around month however many months till paid bought prime day would paid within months would second kindle fire clear hd screen worked like charm reason sent back girlfriend bought ipadand yes little thing needed camera bit sucky really cant customize like ipad ipad got one way ticket back amazon,0,Long,1
useful sometimes better laptop,1,Short,1
great new toy cant beat price prime day,0,Short,1
five stars,0,Short,1
works nicely little confusing use preloaded aps first getting bit easier,0,Short,1
bought wife birthday says best kindle ever owned,1,Short,1
great product easy kids adults use picture excellent,0,Short,1
faster browsing plain kindle fire ive years used many hours day like take send pictures much changed,1,Short,1
great case fire hd rugged yet nice looking,0,Short,1
something different new tsblet like older fire nd dont like much,1,Short,0
great price daughter loved waiting next sale buy one sister,0,Short,1
yes faster first one came biggest complaint every time open upadvertisements nothing butadvertisements,0,Short,1
like kindle fire silk browser seriously lacking hangs regularly glad found instructions install chrome,0,Short,1
purchased download daily meditations alpha betty saga works well alpha betty really drains battery aside like go electronic device end days work meditation play little,0,Medium,1
bought fire kids oldest youngest love easy use screen size nice clarity beautiful dont forget set parental controls,0,Short,1
easy use beautiful clear bright screen want mostly reading pdfs keyboard kindle would great,0,Short,1
original kindle got first day became available finally replace since couldnt hold charge perfect wanted replaced fire hd ok really annoying many advertisements keep popping blocking want see considering returning buying something else without ads worth buying sale still sure keeping sometimes freezes stops working cant attach wireless headphones thru bluetooth samsung gear whatever reason much slower downloading thru heart radio juts middle giver one week,0,Long,0
many pop adds one everything app want go amazon ones really want android gift ill continue grateful think like ipad,1,Short,0
problems kindle fire pages freeze times kindle shut restarted happen first kindle love battery life longer love camera,1,Short,0
second kindle responsible murder first dont float bathtub even poetic cover issues second freezing rebooting poor results downloading data wont delete pictures videos device resulting enough storage even delete music fun restore factory settings real pain restore settings lots time phone pleasant amazon people,0,Medium,0
gift year old father loves keep email facebook plus loves able read books,0,Short,1
kids one love,1,Short,1
got one without offers kids using wife hates technology asked one ordered one us well suggest get gb fill fast wifi capable good internet get token monthly access charges looking one use wherever might one might want look one cellular tablets plans,0,Medium,1
love kindle fire side need buy another whole family uses use reading bit shopping older kids also use reading younger ones use fabulous freetime easily limited time content choosing kids enjoy books games ive used web browsing speed enough meet needs,0,Medium,1
compare first kindle fire battery life shorter gets bogged easily,1,Short,0
kindle pretty poor battery life lags frequently closes app goes home screen im thinking returning,0,Short,0
think try nook hope works better kindle pay two months goes sale,0,Short,0
disappointed product bought original kindle fire honestly one best tablets owned really thought maybe maybe one would somehow similar nope first time used froze thought thats weird could new nope every time would try watch movie netflix basically bought would freeze freeze make loud noise definitely never ever buying kindle experience,0,Long,0
love kindle ive days son got birthday look forward using often fits right purse always handy,1,Short,1
loving got prime day costumer service support purchase outstanding excellent rare experience large company,1,Short,1
love graphics many commercial popups,1,Short,1
awesome product,1,Short,1
awesome wish app use ability move around little easier really good,0,Short,1
love kindle fire hd kindles fav far great price,0,Short,1
could possibly one absolute favorite items love use practically everything kids love hreat product,0,Short,1
started fine within week stopped working charge get opening page thats swipe open goes black xmas july foot wonder sale,0,Short,0
think solid device dont really like ui find easy enough use passed one daughter games movies tough case tempered glass screen protector survived numerous falls tosses without issue pretty speedy device performed well games installed happy device,1,Medium,1
nice speakers easy use seems durable lot memory,1,Short,1
far good pretty happy purchase,0,Short,1
hard navigate battery life awful kid watch one show nothing else day long picks next day battery almost seems like regardless much use needs recharge everyday,0,Medium,0
really like tablet doesnt allow game downloads really inconvienant google gmail exactly wanted get job done,1,Short,1
every expectation,0,Short,1
lovelovelove kindle,1,Short,1
ok full function tablet want read email view photos read night lights play card games watch videos portable format perfect ill still use paperwhite kindle sun android tablet heavier duty apps worried first ads find intrusive like small suggestions carousel downloading using web turn airplane mode overall happy,0,Medium,1
first wouldnt consider apple fan boy come close ipad keep mind third price work pretty well kids bought one last christmas storage way small constantly clear super intuitive use modify settings either probably would returned since young kids enjoy kept,1,Medium,0
use daily love,0,Short,1
shipping took long item stock item fine,0,Short,1
love perfect kids,1,Short,1
cant put bought long flight,1,Short,1
well price guess shouldnt expected honestly thought going good ipad formally owned nonetheless need tablet cheap price buy amazon needs update apps store disappointed clash clans john gba app wasnt store camera isnt good ipad either still need explore whole tablet eh,1,Medium,0
junk opinion could still return would item prime membership joke spend extra money real tablet,0,Short,0
like part biggest disappointment tried download one movie didnt enough room g box less g anything,1,Short,1
felt cheap cheaply done lighting returned,1,Short,0
wish purchasing disclaimer international recipients need purchase bought watch videos since credit card issued american bank cant authorize purchases would recommend live us limiting considering amazon accepts money every purchase,1,Medium,0
device major let would recommend anyone screen freezes frequently internet constantly crashes point useless even try using internet battery doesnt hold charge nearly long product description says thing hasnt caused problems reading book thats good would better buy kindle simple ereader thats less expensive functions properly waste money addition tips restarting troubleshooting help maybe five mins back working device pointless try fix every five mins,0,Long,0
seems pretty good far dont like cannot choose background photo device also annoying free aribnb app doesnt work one thats cents lots free coins didnt really cost even paid app isnt great load apps well see well thing works,0,Medium,1
bought one yr old daughter tonight dont tell lock screen adds pay removed adds exactly child friendly example game husband calls game boobs gratuitous boob shot animated character never mind credit card adds right makes want return look different tablet box tell youll forced look adds unless pay removed cant tell well works since havent probably wont getting point get companies like make money buy product youve made money dont deserve adds shoved throat especially throat kid,1,Long,0
love much better last one far battery upgrades,0,Short,0
already ipad didnt think needed another tablet least mid want download movies viewing offline one plus membership amazon prime seems way go im impressed quality great promotional price advertisements truly nonintrusive adaverse probably dont need spring extra money get rid im giving five stars due two drawbacks really irk first limited number downloadable options amazon prime second drawback cant connected tv least without wifi specific reason bought watching videos remote location dont wifi connection locations wifi already entertainment options good option one person watch video great two people,1,Long,1
well havent year yet months wont turn anymore turn lock screen turn unusable point three kindles two three thing kindle hdx working decent kid however room handful apps kindle work mine larger hdx slow lags bit problem three kindles think next time save money get galaxy tablet even better ipad wife well worth money way honestly thing liked kindle free play able control kids tablet gets two stars,1,Long,0
excellent device bargain basement price love free amazon prime movies shows forget itunes movies way expansive,0,Short,1
awesome tablet fun cool plus easy use,0,Short,1
still getting set,0,Short,1
awesome price awesome product,1,Short,1
pleased even pleased figure get books read,1,Short,1
works even better expected features originally thought wife uses replace aptop likes even better,0,Short,1
several years good faithful service old kindle gave order new one fit live new kindle arrived love kindle,1,Short,1
getting started learning every day,1,Short,1
far mostly good graphics look great fast respond books easy read wifi amazon prime account really makes awesome catch missed shows watch movie pretty well im impressed amount bloatwareads states gb device really gbs taken software systemand every time wake theres advertisement buy something screen oh fact way expand memory also pretty handicapping like take along movies watch youre wifi read closer see memory card slot probably would passed even black friday sale discount realized way extend memory short putting things cloud wont work dont wifi connection,1,Long,0
finally wore nook pricing kindles seemed never great sale amazon doorbuster jumped thrilled worried little gb kindle holds plenty books really use reader anyway easy use easy load great buy,0,Medium,1
lot fun,1,Short,1
new bff,1,Short,1
purchased kids prime day thought special offers meant type promotional trials free time trial mentioned site doesnt literally means lock screen get ads lock screen big deal year old doesnt need see ad true blood half dressed women laying top men wouldnt mind could set preference says family friendly ads children honestly find misrepresentation product special offers makes sound like im getting deal instead im getting inappropriate ads contacted amazon told removed need pay another dollars wtf bought three need pay another children exposed sexed ads think pass return attached picture ad guys make decision,0,Long,0
fire hd gb best tablet worst,0,Short,0
happy app choices opening android apps woudve made big difference big primeamazonaudible fan wont ever buying another one,1,Short,0
like sound button hard turn,0,Short,1
works great problems far use primarily watch prime content offline wifi bluetooth work flawless even office wpa required enterprise level security,0,Medium,1
love bought first kindle decided time update use always ready go,1,Short,1
great tablet really annoying cant install regular google play apps use market gives issues apps crashes time time sure due market installed applications like chrome seriously silk horrible thing screen amazing sound rocks lame allow everybody use android tablet honestly also intend use tablet countries outside usa probably doesnt worth money,1,Long,0
extremely disappointed amazon dont dislike product son actually loves th kindle bought couple weeks later saw price dropped bucks contacted customer service see could anything defense offered allow return product isnt wanted wanted meet way could continue voracious consumption books unfortunately wouldnt meet way packing kindle returning suppose happy spending anywhere bucks month books sometimes apps,1,Long,0
brought year old granddaughter im impressed kindle fire know going love everything needs,1,Short,1
awesome array stuff awesome price,1,Short,1
happy hoped much slower blanks often dont use much didnt send back,0,Short,0
excellent device lots neat features besides reading pleased product,1,Short,1
love still trying figure everything kindle love,1,Short,1
boyfriend surprised kindle fire excited loved everything awhile battery stopped holding charge called amazon talked nice representative sent new one sent broken one back time cried like baby broke one car seats kids lifted chair forgot thereoooops bought refurbished one ebay battery went two months july nd year wonderful mother awesome younger sister bought kindle fire hd birthdayonce turning cried love product would definitely recommend anyone wants great tablet thank amazon rebecca,1,Long,1
needs detailed instruction use paying item must purchase detailed instruction big turn get detailed instruction item bit insane,1,Short,1
bought gradkids christmas still going strong bought husband loves,1,Short,1
love fire kindle email facebook companion online shopping device one need one device purse got sale worth price paid,0,Short,1
ordered april steep price cut finally started using june useful however today dropped inches screen shattered customer service basically said fault theyd give discount new one guerilla glass never even chipped screen one finished one rather short fall replace fear repeat think often dropped various cellphones probably many dozens times higher heighrts damage either buy good cover skip buying kindle want extra bulk cover good lasted,1,Long,0
pretty good need however hanging things power turn back get move frustrating since bought use work st fire would die battery amazon could fix sorry guys good features,1,Medium,0
complaints new kindle first gen kindle fire improvements speak volumes amazon done r much easier use love cameras new features sync devices pictures etc nontech husband even loves ease use,1,Medium,1
great advertised would useful operators manual could downloaded buyers yes know tutorial loaded unit downloadable manual would substantially add usefulness besides could probably sell happy users would tell others great users manual steven,1,Medium,1
handy laptop much email social media checks,0,Short,1
fantastic great traveling internet works fast reading outside yes outside works looking lower cost alternative ipad look cant figure parents dont purchase kids slight issue battery drain using wifi maybe havent figured reason,1,Medium,1
love kindle great apps,0,Short,1
resolution good speed wifi reception good close source good distances old laptop good biggest disappointment battery life ipad last many days idle drains much higher rate price paid discounted july ok would disappointed paid full price,0,Medium,0
love kindle fire wished battery charge lasted longer,1,Short,1
hold thats question,1,Short,1
far good got bday gift year old son play games loves far find educational games,0,Short,1
love easy use love color large print,1,Short,1
exactly says thanks,1,Short,1
meh always closes apps freezes ive weeks,1,Short,0
good tablet great price,0,Short,1
froze wasnt told reps process returned,0,Short,0
fire hd way limited due google apps available android version get buggy slow takes forever open facebook twitter fail open web links twitter tablet bulky back made cheap plastic guess thats got price battery life good going use stayed shelf days battery almost dead,0,Medium,0
bought mother year young loves regret newer minei purchased two,0,Short,1
fire hd fine little tablet please research wish replacing second generation kindle take europe assumed fire qualities kindle added enhancements screen allow reading sun kindle device download books using whispernet kindle distinct advantage rural france internet spotty since already carry ipad travel fire redundancy enhancement hope lack due diligence informs others,0,Long,0
overall good general purpose tablet purchase teenage daughter however would hoped options respect parental controls limitations personalized wallpaper constant ads also reason would rate higher,0,Medium,0
im still learning gadget unfortunately im tech savvy moment im finding bit restrictive need time play around takes nice photos way,1,Medium,1
kindle touch used seldom cant put new fire hd simple use love larger screen far favorite purchase amazon,1,Short,1
kindle month extremely pleased avid reader made acces books ery convenient joined kindle unlimited,1,Short,1
dont buy piece crap wont even download one game,0,Short,0
using fire tables many years hd great biggest problem slow delivery service ordered prime special deal day wait july pay extra day free delivery thats get,0,Medium,1
love thing highly recommend tech savvy absolutely wonderful,1,Short,1
main reason purchase deep discount offered prime day wanted kindle fire hd read kindle books color illustrations maps diagrams etc original ipad shows blurry edges around fonts illustrations fire hd far exceeded expectations listen prime music videos etc still havent tried capabilities yet eg taking photos im pleased deal,0,Medium,1
works well come black case,1,Short,0
ads lock screen annoying device great overall,0,Short,1
device really sucks screen responsive difficult click area want thought would similar quality ipad even close,0,Short,0
rd replacement device keep sending refurbed ones dont last,0,Short,0
love new format much like computer tablet first generation fire,0,Short,1
great device,1,Short,1
first tablet im still getting used far ive signed wifi first time one instructing helping downloaded candy crush access facebook page ive also accessed internet search find difficult compared computer unstable using maps like remax maybe elderly newbie,0,Medium,1
keeps freezing luckily son told hold button volume buttons time totally brought back life hope dont need often started happening loved new fire,1,Medium,0
original kindle one amazing love new updates,1,Short,1
easy convenient use great something take anywhere want stay connected wifi reading games,1,Short,1
initially purchased kids editionvery unhappy memory returned purchased one happy since,1,Short,1
used older totally different animal several improvements hard press power button charging close together also really miss volume control quick menu firefly might occasionally used certainly doesnt need handy clumsy trouble buttons edges otherwise nice little device posted daughter uses,1,Medium,1
works intended need find stop quick drain battery though plug much think programs constantly searching something know nothing still get taken care sound picture speed great love prime video,0,Medium,1
trying replace water logged hd fire new one heaver smaller doesnt fit magnatic case disapointed waited weeks,1,Short,1
absolutely love new fire hd wish battery longer life awesome,1,Short,1
exactly wanted wish battery life better make sure bring charger,0,Short,1
im falling love fire hd custom amazon features however device glitch time time freezing im sure normal,0,Short,1
got prime dayawesome machine especially price,0,Short,1
product th series mainstay group one would expect solid construction thats say thing lightweight anything however rear panel feels though fall possible lighten amazon tie ins get amazon kindle really need everything amazon,1,Medium,0
love itstreaming almost everything love prime music prime movies netflix etc,0,Short,1
great item works well arrived fast would buy,0,Short,1
disappointed thickness weight tablet cheap plastic feel boring design prefer nd gen fire one upgrade processor screen nice preforms ok glad spent bucks prime day asus inch tablet mec best buy runs full android twice ram gig higher resolution screen x much thinner better battery life gig storage better option price kindle fire hd,0,Long,0
bought two tablets boys love love love parental controls set set mins reading order unlock apps videos also set turn certain time unlock designated time dont worry sneaking playing late night tablet fast durable battery life really great compared tablets,1,Medium,1
realize tablet would flooded constant ads apps wish knew remove im grateful child knows better buy parents careful part package already purchased protection plan years would likely returned,0,Medium,0
kids gb nearly enough storage space games add space issue hassle asks delete games storage getting full kicks wifi well im impressed would advise buy highest gb kids spend money use reading like jmo,1,Medium,0
love one best,1,Short,1
enjoy fire hd lot sensitive touch previous fire cameras thing frustrating freezescashes least day requiring hard reset great device,1,Short,1
really happy new kindle fire,0,Short,1
perfect better tablet ive,0,Short,1
far better previous model faster better clarity options every application far adjustment features reader lighter battery lasts longer ive never liked opening screen layout need see place books icons fixed screen smaller format,0,Medium,1
ipad mini got fire bit underwhelmed screen quality frequently see pixels short battery life nice able download shows amazon prime feature definitely use enjoy perhaps higher end model would better serve purpose much cheaper alternative apple products,0,Medium,0
need adobe flash player,1,Short,0
love tablet bought kids like set time constraints limit allowed watchdo,0,Short,1
wont show devices husband lost everything cant anything except surf web facebook factory reset live chat customer service reregister nothing still screwed kindle shows works great though,1,Medium,0
bought read books surprised well worked things drawback versatile would like far reading file formats besides kindle format,1,Short,1
happy purchase got sick nexus working like snail pretty much tablets phones suck one year isnt much better liked kindle app nexus better highlighting three click process whole thing painfully slow time use read occasionally stream netflix started acting like within two months top every day swipe open blank screen top bar showing unresponsive requires restart,1,Long,0
good price work properly returned refund,0,Short,0
great product son loves,0,Short,1
great price prime day case cheap filling plastic rough back letters molded plug difficult get usb port money lightweight handy tablet,0,Medium,1
good display fast acting,0,Short,1
great far,0,Short,1
th kindle love hope charging port lasts longer last one,0,Short,1
great clarity ease use lots moviesshows choose app store offers many choices user friendly,0,Short,1
came really fast feature watch tv hdmi cord nice bad thing battery life old kindle fire hd lasted much longer,0,Short,1
love operates like smartphone regular kindle fire,0,Short,1
amazing device using many different tasks already quickly replacing laptop many things dont notice much difference compared boyfriends ipad happy kindle,0,Medium,1
excellent device unfortunately reviewing decided choose distance device detract personal attention important issues focused device rather personal human human conversation dialogue device excellentit relationship concern aware important items able communicate life without facebook tweet etc,0,Medium,1
love still learning new things,0,Short,1
really enjoy iti used messagebuy online stream music cari really recommend people want convenient tablet experience,0,Short,1
got upgrade prime day stolen bit worried felt material seems cheaper predecessor far havent single issue,1,Short,1
still learning use far ok,1,Short,1
learning use far good love far,0,Short,1
great price functions fast love,0,Short,1
bought year old daughter awesome case works perfect love kindle always perfect daughters games learning apps plays netflix movies perfect clarity great sound loud clear love kindle loyalty kindle even got sister order one daughter theyre also heavy duty perfect kids,1,Medium,1
easy use even older person,1,Short,1
disappointed amazon fire hd cant access many apps normally use respects complaint therefore give two star rating however sufficient trial decided return,0,Medium,0
days graphics wonderful easy set seems hold charge longer original kindle fire got real deal satisfied,0,Short,1
love great investment,1,Short,1
daughter doesnt like cant get instagram app love,0,Short,1
ordered mom wanted something easy use seniors like loved tablet loved color,0,Short,1
long delivery took days thing come china however product quality worth wait,1,Short,1
far good love,0,Short,1
works well received said would,0,Short,1
original kindle fire hand wife liked however slow web browsing email viewing kindle much much faster think build quality decent though sturdy original might also shorter battery life original however money think good deal,0,Medium,1
delivered described,0,Short,1
love well worth price,0,Short,1
even new device cant get amazon cash register work properly administrator called times promised call back twice still hopeful get answer find way get money probably gone square love amazon stuff,0,Medium,0
love little glitchy,1,Short,1
last weeks return new one first one wouldnt turn al least amazon customer service good,1,Short,0
love email great bright backlit reading total darkness splendid lsb,0,Short,1
got upgrade old first gen fire wish hadnt issues old one figured newer one would even better sale went cant put words cheap new gen build wise back plastic im worried purse without protector ruin truly regret purchase,1,Medium,0
joke got couple days ago noticed background lock screen displays advertisements surely must default setting change photo wrong couldnt find change background lock screen manual email support feature available yet forwarded request development people wait im sorry didnt know already people wouldnt want see advertisements every time look kindle smells like load bs great job amazon telling company deserves know consumers think products consumers deserve know quit joking around let people personalize device never even thought would problem one im even going bother commenting aspects device ridiculous change product ill change review,0,Long,0
best tablet budget really snappy performance quad core processor loving never knew amazon built good tablet would recommend anyone,0,Short,1
techie work computers every day desktop laptop dell tablet know sometimes need simple love kindle fire hd use every day use email news updates browsing research items tube help fix tractor home digital magazines check library light easy works great best part windows updates,1,Medium,1
sharpness picture awesome user friendly,1,Short,1
problem upgraded product developers sometimes seeking better features actually tweak way makes less user friendly,1,Short,1
great product perfect love reading also grand daughter play games enjoying many uses works great,1,Short,1
loving new kindle fire lightweight easy grabngo also like able quick internet searches much worth every penny,1,Short,1
husband pretty much confined house makes life bearable read play games surf net keep mind occupied,1,Short,1
little sluggish multiple apps run great inexpensive tablet amazon drive photo sync awesome,1,Short,1
fire hd display current model cover fit leather cover hides forward facing camera covers onoff button happy cover,1,Short,0
bought wife jury duty replace samsung crap day one didnt go ha ha dad loved used time sister wont put,1,Short,1
love started using,0,Short,1
different kinds tablet kids kindle best durable one best features like block purchases even free android tablets app store free cant block kids downloading like kindle,0,Medium,1
little disappointed instructions came device,0,Short,0
long needed replacement kindle keyboard working perfectly thank,1,Short,1
works like charm,1,Short,1
love works great,1,Short,1
love fire tablet price great,0,Short,1
year old son loves weve problems freezing,1,Short,1
gift works expected,1,Short,1
amazing graphics durability customer service speed camera highly recommend,1,Short,1
husband purchased kindle fire seven years ago loved iti purchased kindle firehd six months ago loves kindle hd went sale get old kindle didnt new features update takes beautiful pictures hd fantastic,1,Medium,1
good product,1,Short,1
upgrading kindle fire hd simple painless,1,Short,1
gift grandma loved,1,Short,1
fast little tablet hd awesome good speakers took little understand home page favorites sure like carousel though puts every app open carousel manually remove make less cluttered would prefer carousel favorites everything opened used android tablets easy customize look tablet way found change background deal breaker means like different backgrounds overall love tablet happy,1,Long,1
love daughter wish two,0,Short,1
fire hd fully meets expectation,0,Short,1
good take pictures video also good newer version receive apps already older kindle wife also biggest problem one main reasons bought updated version kindle ability mirror pictures apps etc onto tv able accomplish contact amazon find happening,1,Medium,0
rd kindle fire purchase bougt first generation gift daughter three years ago got one november th birthday one stolen bought one replace devastated loss avid reader awesome tablet sturdy reliable daughter loves kindle fire,0,Medium,1
absolutely love device inch screen perfect reading device visible even sunlight albeit minor glare issues special offers bad present screen every time unlock screen simply swipe away gone next time lock screen,0,Medium,1
first kindle fire years finally died love new one hope last long longer,0,Short,1
purchased kindle fire hd amazon prime day excited wait days get pleasant surprise showed next day ive kindle fire dropped screen shattered knew expect product didnt disappoint im huge reader consider kindle like baby love read definitely kindle also love directly links goodreads account love color options got white absolutely love would definitely purchase item,0,Long,1
love easy figure things also great viewing,0,Short,1
really love fire hd suffering thru two nuvision tablets sounded like good deal malfunctioned weeks kindle everything wanted,1,Short,1
cheap plastic case wayyy thick gigs space gone seconds google play store clash clans main reason getting tablet piece trash compared similar devices purchased even lower prices sale stay far away heaping pile tablet,0,Medium,0
love new fire hd great rd kindle wouldnt choose anything else,0,Short,1
case cool,1,Short,0
great overall package great picture hd screen good speakers front rear camera good menu controls,1,Short,1
love vivid display fast response cloud storage free music free books ideal size take,0,Short,1
small powerful,0,Short,1
oh disappointed amazon kindle waste money buy product absolute worst purchase ive ever made amazon wish could return get money back,1,Medium,0
bought item mother isnt tech savvy shes found easy navigate uses time never would ever imagined use tablet surfing away,1,Short,1
love perfect size easy set use favorite apps,0,Short,1
ads display tablet wakes absolutely annoying special offers app tried deletedisable app settings could searched online found website wants remove app unbelievable ive never device im tempted root device reformat without kindle ads like interface fire picture clear sound good another con apps installed like andriod phone get around computer savey regular user wouldnt know better price especially amazon prime day great paid full retail price id send back,0,Long,0
speakers sound better laptop love,0,Short,1
somewhat slower load setup worth sale price,0,Short,1
even though version love love love kindle integrated life one years user friendly worth price cant put everything need theres downside far,0,Medium,1
got one first generation fire point love better speakers charging port seems better first gen replace due charging issues far good still get great clarity screen lighter weight lets face itcolor awesome,1,Medium,1
awesome upgrade,0,Short,1
granddaughter loves,1,Short,1
bought gift wife said want happy laptop well purchased fire hd anyway havent seen use laptop since loves,1,Short,1
picture quality fantastic clear precise easy use audio good great product,0,Short,1
havent found anything dont like yet emails internet super fast,0,Short,1
great bang buck battery life good resolution responsiveness decent,0,Short,1
pleased within kindle case,1,Short,1
somewhat disappointed original kindle fire owner expected much difficulty navigating websites overall average product,1,Short,0
fast reliable,1,Short,1
dont even know start bad forced use apps amazon app store witch sucks constantly forced see advertising kendle cheap feels wasted money cant even give away,0,Medium,0
fourth fire device amazon prime makes devices well priced asset,0,Short,1
already wrote thoughts transaction live good price exactly wanted,0,Short,0
tablet would great dang thing wouldnt randomly log seems well known issue kindle fire spent way long trying work tech getting issue resolved one go moves system date software make reset factory settings angry,0,Medium,0
birthday gift yr old granddaughter completely ecstatic,1,Short,1
really like,0,Short,1
love amazon great mom bought weeks prime day paid full price gave credit received sale price without questions great thanks,1,Short,1
friend happy loved clarity pictures,0,Short,1
love fire easy get around dont wait wife get done ipad,1,Short,1
wow easy use display crystal clear,0,Short,1
received kindle fire would nice product information included instructions etc cant set anything unless wifi access wait wifi hot spot register set fire started downloading apps games books etc later found going cloud account device go back wifi hot spot move cloud device may take day two figure new fire ill get,1,Long,1
love pleasantly surprised much better thought would get internet better ipad outside great audio books want read kindle good value,0,Short,1
guess get pay strictly meant used reader internet app functions slow sometimes dont even work see ads every time turn annoying inexpensive least didnt pay want read books get regular tablet amazon bugs work,1,Medium,0
wife wanted loves,0,Short,1
didnt work stuck word fire got replacement today far working great really miffed replacement marked refurbished really think gotten another new kindle deal prime friday kindle guess means nd class hope holds,0,Medium,0
expecting preloaded ads pay removed dont know maybe missed subsidized discount somewhere fine print sneaky amazon grade customer experience z,0,Short,0
wanted awkward read main reason wanted thought id like mainly want something read shop email splurge get bigger tablet,1,Short,0
got granddaughter love,0,Short,1
th kindle loved move advanced last wantedneeded trouble finding perfect case new kindle fire hd th generation hope perfect one arrive mail tomorrow,0,Medium,1
amazon specific gb enough,0,Short,0
greatfor better last one like take pictures send emails hope fixed problems past modelsnot turning screen goes blanketc,1,Short,1
purchase christmas gift mom kindle early model went kaput loves apps stays connected,1,Short,1
wanted ereader bought fire rather kindle ereader display much clearer easier eyes disappointing feature font size choices either big small without anything would nice right also pain ass turn fire button flush case,1,Medium,1
perfect size easy use battery life good overall worth amazon prime day deal,0,Short,1
love didnt wait long delivery rd kindle,1,Short,1
great display sound firstrate plays diverse range formats pretty compact really pretty darn affordable relative apple products one disappointing discovery display mirroring amazon touts isnt included unit bought fire stick thought id able send display tv web browsing well anything unit youre limited mirroring amazon content like prime videos nothing comparison charts explains find buy unit menu youre looking isnt device miracastready disappointing,1,Long,1
kindle works fine lost games books cloud changed kindles happy,1,Short,0
daughter ipad mini kindle fire hd everything portion price,0,Short,1
use everyday like apps comes color sound wonderful lots music listen books read games play hardly use laptop anymore also prime member enjoy free music recently ordered one mom paperwhite kindle interested fire hd best birthday present ever,1,Medium,1
love size color feel getting case soon,0,Short,1
love kindle love fact camera made possible take pics newborn son born hospital highly recommend,1,Short,1
easy use light weight love,0,Short,1
enjoy using product much,1,Short,1
instructions load apps help desk etc going long hard sell unless someone family set device received gift without knowledge fire sooooooo get place ok,1,Medium,0
met expectationsgood purchase,1,Short,1
daughter ipad husband tablet biglike big felt left got one prime day gotta say best purchase made year super easy use download anything love camera takes great pics price cant beat better tablet,0,Medium,1
kindle gigabytes purchased amazons primedaygarage sale returning one larger hard drive,0,Short,0
didnt get extra snything,0,Short,1
functionality great speakers awful got audiobook cant hear even quiet room volume way,1,Short,0
ipad work wanted something personal use purchased kindle prime day decent deal using ipad long finding kindle lacking areas battery life awful charge every day even minimal use freezes day need reboot get work find better reading ipad volume seems louder well,0,Medium,0
third kindle two still going strong actually bought one due low price offered prime day,0,Short,1
piece hardware tablet good price software restrictions negate lot value android device camera yet take photo use wallpaper lockscreen even paid premium adfree version worse fact content google play store cannot used kindle fire android phone user years lot content install run android devices except one pretty cynical marketing ploy makes device feel lessthanpremium understand device sold near cost amazon looking turn profit thru sale content would much rather option pay little ability use android apps content like paid adfree version type restriction major reason fire phone failed,1,Long,0
wish option stars isnt best worst electronic ive ever used excited getting new kindle unfortunately glitches quite bit fire hd screen slow response times freezes frequent occasion liking use tablet reading watching shows amazon prime definitely good anything original kindle fire better,0,Medium,1
item fantastic got granddaughter always asking use kindle think update kindle well,1,Short,1
got birthday gift love,0,Short,1
love far new fire hd done everything ive needed,0,Short,1
tablet kicks butt speed need ya got talk verifiability need years try everything beast give,1,Short,1
good performance dont like onoff switch charger side,1,Short,1
fire hd everything need want one doesnt need million apps nice tablet check emails watch amazon prime,0,Short,1
chance play fire hd weekend loved able watch videos amazon prime excited little trouble locked screen something last evening think need read documentation fire better understand works know happened maybe normal function device unaware yet anyway excited get familiar enjoy,0,Medium,1
easy use view,1,Short,1
works welldifferent format iphone prior short time use nice,1,Short,1
nice tablet around lags freezes constantly though screen shuts seconds playing video difficult navigate also,1,Short,0
simply love,0,Short,1
wanted fire hd since came st generation fire love much hd many different features longed came prime day could finally afford fire hd justify buying great price im happy happy happy,1,Medium,1
best table ever easy use read play even lights play game stay contact email facebook research facts net share pictures long distance friends minicomputer love absolutely best,1,Medium,1
use kindle reading gameslocal national news,1,Short,1
great product price,0,Short,1
im second fire cant imagine life without,1,Short,1
well love got prime day got great deal even didnt love couldnt beat price always real book person come around plus internet access fun stuff kindle lot cheaper many things expensive phone heck lot cheaper lap top,0,Medium,1
like fire bought amazon july sale unit left gb unit since multiple phones computers made dumb assumption could order storage upgrade g searching could find ref storage went user forum clear buy upgrades disappointed great nothing dont know problems ahead limited storage way resolve except buy another think clear description upgrades would see reference limitation,0,Long,0
real posfreezes constantly unresponsive lot time returning itas soon possible paid bucks salestill worth aggravation,0,Short,0
battery dies fast overall functional tablet light use,0,Short,0
excellent unit works perfectthank,1,Short,1
really like fire hd even though still lots learn great product,1,Short,1
good like good companion fire phone,0,Short,1
satisfied product far,0,Short,1
love kindle keeps kids entertained planes reading,1,Short,1
nice tablet hate battery life camera,0,Short,1
great tablet,1,Short,1
love kindle,0,Short,1
battery doesnt hold charge long thought would also takes long time charge,1,Short,1
exactly described happy purchase,1,Short,1
mommy loves,0,Short,1
want good pricem,1,Short,1
ive done lot yet like,0,Short,1
third kindle ive owned really like also lenovo tablet interesting comparing featuresfunctions love backlight read dark unfortunately means sacrifice wonderful matte screen much harder read bright locations thats major issue since mostly use night easy install apps although theres limit apps installed mean cant put instagram amazon store huge variety kind like carousal main screen find little annoying switching games books music get filled pretty fast scroll find im looking tend prefer icons displayed screen quickly switch items also wish home button sometimes difficult get screen cooperate playing games overall really like model love large screen,0,Long,1
iphone galaxy ipad fire prefer apple products fire nicer kindle paper white,0,Short,0
love far didnt realize much extra used facebook netflix wonderful asset traveling,1,Short,1
wife wanted got pleased wish gotten two kindles least gotten paperwhite version,0,Short,1
zero stars amazon prime account worst thing ive ever purchased bought gift wife makes upset first zoom feature works device ive used flawlessly gets jammed wont zoom back making touchscreen keyboard malfunction content impossible read enough bring tears trying reply email today second web browser worst amazons lame appstore gives options default internet web browser silk make life hell want surf web slow pages wont load strange errors come go give third appstore awful apps rated low function poorly extremely limited even app name know like youtube logo always weird app wont function would recommend buying tablet fire worst,1,Long,0
heavy runs much junk connections tenuous best difficult navigate battery depletes quickly even little use apps respond slowly backspace correction settings confusing giving much detail,1,Medium,0
bought tablet son year device started problems months bought constantly rebooting contacted amazon issue sent another device seemed hardware problem one year since replacement device arrived failing time device longer stay even charged way use device plug charger otherwise turns start back contacted amazon issue however said outside warranty days would give new one low price dollars apparently discount said declined however im worried spending money device fails often last year owned numerous tablets galaxy apple continue work year year device fragile beyond six year old son pleased results either ill research another option near future,0,Long,0
nice device solid looks nice performs well wish amazon wouldnt ruthless locking google apps reason star rating understand competitive reasons think theyd sell lot flexible amenable android apps,1,Medium,0
awesome fast runs smooth choppy,1,Short,1
like way better expected give two little ones read books play apps watch videos amazon prime happy made purchase,0,Short,1
son loves tried get trade mine said,1,Short,1
like much wifes ipad mini cost less though,0,Short,1
fine ipad stretch imagination see used living room watching tv somehow thought would little bigger books display nicely amazon video seems play well java support tablets lack anyway probably wouldnt bought played prior purchase good device price,0,Medium,1
think picture good looks really pixelated sound pretty good alittle fuzzy battery life sucks thats one thing dont like pretty good,0,Medium,0
great product expected,0,Short,1
read review elsewhere difficulty connecting device wireless internet connect place employment home tried fixes short buying new modem device keeps content cloud internet connection problems big deal,0,Medium,0
purchased prime day week ago really love kindle easy use big bulky like ipad perfect books main reason rate star kindle keeps rebooting every pages called amazon troubleshooting steps sending replacement hope one better really like tablet,0,Medium,1
gave mom older color kindle love new one,0,Short,1
awesome device kids wife mine way maximize memory utilization get wish page animation reading,1,Short,1
thought would able put sd card transfer data pictures music also bought mine day mom fire nothing trouble constantly gets authentication problem every time tries connecting wifi hope brother one says great hopefully able redeem purchases made,0,Medium,0
received kindle fire want make sure let customers device offer like friendly easy use light weight fast got deal special amazon prime day dislike interphase pretty get adds dont mind fire os support wallpapers removing carousel believe necessary amazon app store limited example doesnt support instagram cant download gmail app etc basic tablet camera quality low bought gb storage apparently use gb believe would amazing tablet kids someone use tablet entertainment take class business,1,Long,0
previous kindles thrilled got one front rear camerathis make easier travel,0,Short,1
put since recieving birthday gift second kindle love fact many books disposal,1,Short,1
give one star th kindle seem last yearif buy something new year send refurbished oneyou know scami see newer ones come probably betteri barely use one keep chargerbecause dont shut lot pause video literally start minutes later without touching pauses freezes pain butt keep connected charger times honest trouble takes get new one worth customer service amazon terrible trying correct issue assume get different brand months save waste money dont buy,0,Long,0
yes met expectation great ps admit amazon great customer service wish could food shopping amazon,0,Short,1
great price delivered earlier expected,0,Short,1
beyond pleased fire wonderful read really enjoy using email basics like social media watching videos,0,Short,1
like kindles much less expensive ipads im used apple products little hard adjust first,0,Short,1
bit different original kindle far fine books appts transferred apps bit different,0,Short,1
first tablet ive love,1,Short,1
waste money silk browser like using browser years ago biggest scam advertisements constantly bombarded turn device wanted see advertisements dont need pay simply turn television dont waste money fire spend better device glad wont watch commercials startup ill stay basic amazon reader years ago functions much better browser annoying commercials tried use month hated day,1,Long,0
purchased five year old daughter much research love kindle fire freetime app many books apps videos mth dont use far im concerned best tablet child daughter loves downloading games would buy gb freetime takes lot space,1,Medium,1
fast shipping easy kids use lots great apps,1,Short,1
taking star pretty much exactly advertised product minus one little misled one feature thought product miracast ability mirror screen miracast enabled tv firestick apparently thats available hdx hd kindles hd stream movies screen videos came amazon prime video cannot pull video personal library stream tablet otherwise good durable tablet albeit crippled version android device yes said crippled enhanced modified amazons zest stamping brand services device created platform prison disguised shopping mall,0,Long,1
love kindle fire hdit came quickly using every day love different featuresi read books download apps listen musiclove,0,Short,1
got husband thrilled happy done nexus frequently issues every time update complained finally admitted would happier kindle fire less fragmentation bugs,0,Medium,1
werent ads lock screen id much happier,0,Short,0
love new fire much lighter weight love colors vibrant clear pleased purchase,0,Short,1
hey amazon im frustrated angry sad time bought tablet june today stop working using tablet last night reading tweeting stuff going sleep finished set alarm clock went sleep charge time next morning checked device read newspaper like minutes battery went work got home hrs passed took kindle didnt want turn believe charge right away hours passed nothing comes tried connect usb cord laptop nothing first time buying tablet first time purchasing product guys wonderful surprise mentioned im going buy related product like send new one money back sorry way ive never dropped tablet bought protection cover purchased,1,Long,0
happy much easier set previous tablet still learning itbut easy navigatei love,0,Short,1
daughter loves,1,Short,1
great picture sound much better old version fire,1,Short,1
states gigs internal gigs turn started first time comes gig ram time begin using running megabytes limited options use googles apps great starter tablet kids love,1,Medium,0
okay reload everything items wanted cloud tried move home page didnt work went acollection whatever delete everything reload otherwise works okay far,0,Medium,0
joke product mos purchased christmas gift charge turn try contact kindle fire support connected representatives philippines speak english always recommended amazon good customer absolutely ridiculous acceptable also purchased extended warranty still manufacturer warranty bad one speaks english address concerns absolutely disgusted never get another one,1,Medium,0
happy product,1,Short,1
fairly intuitive use,0,Short,1
like lot except would liked recd instruction booklet graphics excellent,0,Short,1
problems kindle awesome like kindles available,1,Short,1
incredible tablet low price fast easy use affordable,0,Short,1
phenomenal love kindles live reading watching netflix thanks amazon awesome deal,1,Short,1
says g memory really less useable gigs,1,Short,0
wish could change background price couldnt happy new tablet,0,Short,1
awesome far,0,Short,1
enough memory changing wireless connection big problem,0,Short,0
brought son th birthday back february well loved stolen church back june needless say months son still hurt tablet awesome,1,Short,1
good purchase far everything want tablet got prime day wish download apps google play still ok,0,Short,1
everything hoped would love able books internet one device,1,Short,1
first real tablet purchase extremely impressed ease use quality product screen quality sound quality impressive size quick research checking messaging updates reach little fire hd instead computer cool little product lots cool features apps steal time,0,Medium,1
love much first kindle thing feels lot cheaper one heavy well built one feels like set hard break,0,Short,1
looking good everyday tablet replace cheaper android products previously owned satisfied speed app options offered fire hd pleased see front back facing cameras included screen responsive onscreen keyboard useable battery life good exceptional nature tablets general money lives advertising,1,Medium,1
stock took close weeks delivery defeated purpose prime every app require billing address long signed valid credentials fine forcing address every free app download,0,Medium,0
excellent product,0,Short,1
kindles best price period,1,Short,1
love exactly need,0,Short,1
grandson loves easy use,1,Short,1
like read great,0,Short,1
outstanding compared first generation kendal,0,Short,1
got present wife anniversary hasnt put yet interface easy clear picture sharp complaint screen reflective bright light annoying worse tablet loves thing,0,Medium,1
fantastic purchase prime day replaces junk tablet bought daughter,0,Short,1
thought excellent product buy another one yesterday son dropped mistake couch broke says durable pad however son dropped ipad thousand times never even scratched,1,Medium,0
happy purchase,0,Short,1
great tablet little slow times apps crash,0,Short,1
hoped would especially like music feature also ease reading emails,0,Short,1
love version much faster sleeker lighter way bells whistles old kindle fire,0,Short,1
android doesnt android apps,0,Short,0
edit experiencing different applications autoclosing phenomenon apparently known case transferred seven times three via chat four phone conversation hung phone kindle keeps autoclosing apps request refund really shotty customer service huge let older generation kindle new one little time getting used different functions also big fan ads seriously debating spending decent picture screen,1,Long,0
really excited kindle bought amazons prime day around like upload pictures game apps take phone also nice read get email however amazon appstore apps want frustrating also battery life okay wish lasted longer though overall really like would recommend dont want send bunch money tablet,1,Medium,1
love fire great price,0,Short,1
love little kindle fire light small dont know computing aspect like fire fastest machine ive ever used book program outstanding movie tv show selection thanks amazon,0,Medium,1
great tablet price,0,Short,1
far exceeded expectation,1,Short,1
returned hate connected amazon account year old able buy lot apps permission since logged times doesnt google play store theres place insert extra storage micro sd user friendly samsung galaxy returned one bought samsung galaxy cost way positives,0,Medium,0
exceeds expectations,0,Short,1
perfect use,1,Short,1
going keep item,0,Short,1
lightweight easy fit purse,1,Short,1
impulse purchased another eeaderi basically looking ereader remembering kindle app phone duh moment purchasing fire hd display proven best thought decision ive made would highly reccomend device good readng also best tablet general purposes,0,Medium,1
love quality great,1,Short,1
purchased prime day half better deal replace fix sons fire cracked screen,0,Short,1
ive new fire hd week far good much faster original first generation kindle fire terms searching web loading apps etc also lighter original kindle fire use mostly reading works great,0,Medium,1
got wife week ago hasnt put watch espn peace else need know,0,Short,1
nice tablet year old son great price versatile,0,Short,1
fire hd actually better original one bought pictures seems much clear camera son loves,0,Short,1
works well long battery life,1,Short,1
easy use great size,0,Short,1
got half amazon deal couldnt pass kind wish feature called carousel annoying deal zero customization availability device might able take cute pictures crappy camera cannot change background lock screen without downloading programs basically wipe tablet clear everything opinion thats much hassle least ereaderright,0,Medium,0
love new fire hd disappointed case bought horrible cheap wanted hd time prime sale lucky enough get one wast color wanted heck wish would easier find accessories ive hunted screen protector confused dont know one get also day sale notice one could get extended warranty late guess sigh work load books,0,Long,1
excellent product us bought primarily ereader wifi capability needed issues box got set wireless could download apps customer service excellent walked us reset phone got us way also sent us troubleshooting guide,1,Medium,1
second fire love,1,Short,1
head two year old kindle many improved features finding something new everyday love,0,Short,1
loved first kindle fire gen one stopped working get new one love upgrades guys hd hdx,0,Short,1
seems working great definitely step previous kindle also happy price paid,0,Short,1
love kindle fire one since first kindle fire things changed lot like hd following reasons operating system really disappointing loading takes long secs switching menu like videos books ipad kindle ipad even comparable amazon apps amazon really apps understand using google play store find apps games want amazon store magazine subscription economist subscription includes printed online membership use web apple google play apps amazon wants pay economist ridicilous everything getting better integrating platforms amazon resists find kindle reader apps platforms read amazon ebooks amazon let opposite considering return kindle hd since think may featurescwith regular tablet,1,Long,0
gift love quickly learned use suggestion make cord inches longer,1,Short,1
bought prime day deal love wish bought easy use anything need books tv apps battery lasts much longer thought would love,0,Medium,1
love perfect size im gonna turn galaxy note get plain text phone save year stuff using,0,Short,1
even better expected fast many options capabilities,0,Short,1
im loving,1,Short,1
love kindle fire hd since new using tablet perfect starter easy uselight weightand perfect travels able open begin using immediately meets needs happy purchase,0,Medium,1
absolutely love fire exceeded expectations,0,Short,1
love easy use second one,1,Short,1
runs smoothly enough time hardware lacking games exactly needed though cheap tablet browser whatnot,0,Short,1
love kindle thing would change able choose background screen savers kindle otherwise reading books whole new delight,0,Short,1
love goto device cant find anything wrong,1,Short,1
clear vivid graphics,0,Short,1
read magazines zinio app new kindle allow download app original kindle years old,0,Short,0
daughter loves,0,Short,1
pleased new kindle everything says,0,Short,1
amazing compared cheap tablet using ive went cheap tablets got name brand time comes much faster old ones im ready go online pull books tme flat screen beautiful colors bright vivid say dont like ads pay little bit get rid wish done theyre bad live im really enjoying able open get right book taking mins get started like old tablet spend money get kindle especially read alot avoid cheap ones happier,1,Long,1
third kindle second kindle fire hd getting used kindle slightly different version years love would recommend anyone looking tablet isnt apple products either,0,Medium,1
great product,0,Short,1
big appeal fire prime day pricing deal good pass kindle paperwhite feeling continue use primary ereader ive fire less week far enjoying able stream video play games surf social media battery life disappointment graphics good havent used camera iphone much easier use photos money good purchase tablet dreams,0,Medium,1
great tool thanks,1,Short,1
fourth kindle wife loves,0,Short,1
perfect watching netflix bed without use bulky laptop,0,Short,1
like kindle fire lot however found total memory gb best found system memory gb also user manual well done incomplete examples accessing weather app include information adding said app kindleand screen iconsmessages described eg number displayed fires name,1,Medium,1
received retirement gift love idea flexible little book sized machine,1,Short,1
bought second tablet amazon running special onedayonly sale main reason wanted spend lot time airplanes ability download amazon prime content offline viewing big tablet appear bit underpowered compared likes nexus samsung tablet use primarily video watching device traveling fantastic color purple name cobalt pictures would imply put case anyhow dont really see cant say im big fan amazons proprietary version android able add applications like google hangouts chrome play store bit bummer device watching prime content great,1,Long,1
pleased new fire hdeasy set better battery length old onei shopped played gamesread books bought apps ease,0,Short,1
fire hd small light quick design flaws get first come placement microphone regards speakers using skype app requiring speakers microphone function simultaneously microphone pic sound speakers causing terrible distortion rendering calls almost impossible another design flaw comes power button almost right charger easy hit plugging inunplugging tablet minor annoyance really feel amazon could done better back tablet slick easily remedied case prime video netflix games apps look amazing sound surprisingly crisp color rich blacks look amazing picture sharp clean around isnt bad little tablet dont recommend planning using skype without headset,0,Long,0
love cant believe didt get one sooner,1,Short,1
main complaint gb enough memory store anything kindle cant add memory sure cloud books tunes etc dont constant access internet youre luck use kindle travel lack sufficient memory limits enjoy imo shouldnt sell anything smaller gb also usbcharging cord barely reaches table floor makes virtually useless full two feet shorter previous models,0,Long,0
still learning things lot fun techy savy work vey well love sound quality clarity colored screenwith help grandkids im going lot fun get better acquainted features kindle reader decided upgrade,1,Medium,1
enjoying much,0,Short,1
teacher great classroom computerized math program,0,Short,0
purchased year old dad fathers day really ever played around touch screen took getting used however hand time enjoys reading keeping news social media stuff watching shows good tablet easy use,1,Medium,1
amazing product love way protects kindle,1,Short,1
handles beautifully functions smoothly hesitation switching different tabs sound great quality size true hd picture kindle fire first came bought accell knockoff horrible love,0,Medium,1
display crystal clear sound adequate browser seems slow streaming fine battery life good especially compared kindle paperwhite enjoy novelty meant productivity,1,Medium,1
arrived early great parental controls separate profiles kids everything need,0,Short,1
sons second kindle first one dropped wifes vehicle door opened distance ft screen shattered bit proactive one bought nice protective case didnt help within months screen shattered playing bedroom dont fall false advertising tv commercials things durable,1,Medium,0
daughters love saved money could purchase tablet hope best bang buck opted pay extra remove screensaver ads worth appear swipe enter passcode anyway lot daughters putting parental controls easy searching available apps purchase easy making one purchase anything without password easy far weve pleased,1,Medium,1
love kindle im still learning great,0,Short,1
great fpr reading books email cant figure get books fire keep cloud also download prime free books month also seems shut quickly im trying something read books,0,Medium,1
love kindle great little tablet way nicer samsung fast ipad air smoke tablets ive seen ipad cost almost times much wheres near times better quality feel kindle fire superb kindle lock one time cant say ipad money kindle fire lot better deal would recommend one anybody looking quality tablet especially true youre amazon prime member scale would rate kindle fire hd consider value would rated,0,Long,1
kindle fire wont hold charge even turned charge says charged turn may use couple days next time turn says charged regular kindle never problems disappointed kindle fire,1,Medium,0
far impressed intuitive keeps losing place books,0,Short,0
brilliant replacement st gen kindle fire oh sound quality four thumbs,0,Short,1
getting started adding new apps liked original kindle much better thanks great deal,0,Short,1
item arrived two weeks late,0,Short,0
love kindle fire programs working great keyboard wonderful charge working issue excepting plugging charge kindle difficult ordered another charger plug line kindle fire working great either hope things work,0,Medium,1
couldnt happier purchase finally fire hd dont share especially since husband son kindles past year pretty versatile convenient,0,Short,1
device failed months amazon seems making disposable tablets dont see quality product recommend,1,Short,0
great tablet functional standpoint downloads apps keeps track books checks email watching movies battery life terrible girlfriend ipad mini gets almost double battery life granted ipad expensive isnt worth tablet cant use couple hours without needing charge im returning buying ipad mini bummer got good deal cheap price doesnt make pathetic battery life amazon fixes theyll viable alternative undercuts ipad price,0,Long,0
fire hd swell,0,Short,1
great item great visual effects,0,Short,1
perfect size great capabilities users age ipad mysteriously taken children bought fire love amazon prime membership great conjunction fire well take advantage prime perks highly recommended,0,Medium,1
daughter loves new kindle,0,Short,1
love new kindle meets expectations,0,Short,1
love upgraded happy use everyday,0,Short,1
good price,0,Short,1
love good view reading beach,1,Short,1
disappointed slow versital,0,Short,0
cheap made even marked promotions recommendations constanly popping ads sound tin terrible cant keep wifi signal keep sign home wifi dell venue much better sound good even getting kindle books easier amazons kindle recommend got july black friday deal keepng spare venue battery charging would returning plain cheap overall even user friendly compared kindle book use dell venue android,0,Long,0
wanted tablet watch moviestv shows airplanes couldnt convince buy ipad plus saw fire hd prime day sale prime coupon got little baby received office day little heavier mini ipad screen isnt big cheaper download amazon instant video plane trips overall winwin,1,Medium,1
upgrade first edition kindle fire lighter excellent camera fully capable tablet,1,Short,1
expected really like battery seems last longer early generations,0,Short,1
wife loves complicated use,0,Short,1
ok ordered thought mirrored fire stickwhich lovebut doesnt returned itmy older kindle much new,0,Short,0
still learning abilities device fari love,0,Short,1
kindle good hardware works perfectly plug hdtv cant turn kindles display displays star oh use much prepared stay plugged outlet,0,Short,1
love still learning,0,Short,1
first fire hd purchased love display,1,Short,1
amazing simply amazing,1,Short,1
love fire hd easy use great price,0,Short,1
cool toy enjoying much,0,Short,1
first fire hd gb arrived safe time usual little change past units love thanks,0,Short,1
easy use complaint doesnt hold charge like kindle must charge almost every night nice every thing one electronic item,0,Short,1
worth money love,0,Short,1
good product,0,Short,1
third kindle one one grandson one husband love super good deal product love thanks,0,Short,1
gb model amount actual storage apps roughly around gbs actual quality tablet fantastic feels solid though battery display nothing special powerful tablet price paying wanting get gb tablet upgrade gb version space apps times android user miss google play store price tablet amazing hard beat havent issues games lagging well tablet would gotten stars usable gbs gbs tablet fun,1,Long,1
unit great rd kindle st stopped charging year flimsy connector got good deal tried last one doesnt last longer others also belong teenager careful teenager still teenager,0,Medium,0
like lot,0,Short,1
love kindle,1,Short,1
beautiful holds charge excellent viewing streaming video pleased purchase,0,Short,1
old kindle kind really improvement love much easier use touch screen,1,Short,1
marvelous product far versatile expected one virtually anything device done tablet costs much bargain however find locks occasionally mildly irritating,0,Short,1
much lighter original hd fire great deal,0,Short,1
purchased gift mom loves,1,Short,1
fire great easy use fast,1,Short,1
beware operating system android many im talking lot google play apps compatible screen freezes unit restarted would expect days old,0,Short,0
works expected fast,0,Short,1
love ease reading light battery doesnt last long also like viewing book jackets color miss dictionary looking words read havent found yet also havent figured navigate book yet would liked directions use dont plan download much dont want use battery,0,Medium,0
love love two cameras love different color options sturdy feeling doesnt feel cheep bettery life pretty good fairly user friendly reading books nice,0,Medium,1
great tablet convenient many different situations wish main stream apps app store cause lot games andor apps want download unavailable sich instagram youtube ect,0,Medium,1
super easy set ease use makes great reader multi function tab user,0,Short,1
good golearning,1,Short,1
love buying least soon thanks amazon,0,Short,1
love kindle fire son one plays games books got one read night love,1,Short,1
love got amazon prime day,0,Short,1
sale fine limited tablet supplement computers devices good wifi plays amazon music shows kindle books gets email silk browser ok sites visit takes good photos,0,Medium,1
trouble figuring download prime books music,1,Short,0
love kindlewe kindle familyi highly recommend product,0,Short,1
great product kids dropped times even scratch everything need,0,Short,1
avid kindle fire user im pleased prime day deal offered kindle fire yes met expectationsnow wait sale latest inch hdx fire,0,Medium,1
love new kindle th kindle love updates latest generation watch netflix ton reading perfect,0,Short,1
perfect gift buying another soon,0,Short,1
nice clear screen reading,0,Short,1
love new fire hd seems lighter thinner old one love camera take selfies video regular pictures really like document feature got good price,0,Medium,1
everything hopping,1,Short,1
perfect size reading books surfing net,0,Short,1
pleasantly surprised wish gotten family,0,Short,1
love picture screen good big enough comfortably watch videos moviesshows light weight easily portable good reading light screen doesnt glare,0,Short,1
love clear easy issue battery doesnt last long original kindle fire,0,Short,1
thing dont really care fact cannot set pictures background lock screen advertisements apps products amazon,0,Short,1
great device,0,Short,1
bought kindle hd grandkids aged replace old kindles like speed loading operating games also enjoy using camera,1,Short,1
amazon version matter want get amazon screen asks buy somethingnothing buy ads start,0,Short,0
nice surfing course want pay yearly membership enjoy alot free perks lag little surfing round downloading hdx version eliminate better processor,0,Medium,1
like everything fire hd except doesnt hold charge long enough,0,Short,1
perfect mom loves thank,0,Short,1
works great exactly need check email store doc formatted notes read books watch movies listen music runs great,0,Short,1
certain fire hd battery run completely several occasions overnight keep trying check may returned battery issue silly promo material constantly appears makes angry included buy particularly since prime member would think amazon would better membership original fire still works battery run happy one one seems like nice enough product battery ads see inclined give time,0,Long,0
second fire hd got great,0,Short,1
tv series free like netflix,0,Short,0
great product,0,Short,1
love kindle fire,0,Short,1
love light weight easy use portable convenient desktop since receiving gift perfect,1,Short,1
bought new november screen broke ii took fixedi found made parts available gross misreprensentation think receive paid fora new fire mary e grove megrovegmailcom,1,Medium,0
definite improvement two three year old fire runs smoothly sleek nice havent yet tried everything greatit nice use rear facing camera bummer old one front one thing thought battery life improved version far cant see difference otherwise great device,0,Medium,1
kindle years till accidentally broke tried android device hated husband bought another kindle back clouds,0,Short,1
far good loving new kindle firethe display amazing im still discovering bells whistlesive first generation fire since first came new one bit learning curve,0,Medium,1
awesome better ipad,0,Short,1
think great device everything,1,Short,1
replacement older kindle much lighter sharp clear screen,0,Short,1
love new kindle works great,0,Short,1
really like screen clarity compared first kindle delivery time set easy,0,Short,1
great product price,0,Short,1
right size keep love sound quality movies come quickly watch,0,Short,1
review garon may nd review picture kindle fire review,0,Short,0
lucky enough purchase amazons prime member day half exactly wanted traveling able play games read books check emails keep touch facebook performed beautifully despite fact area barely get internet reception definite keeper,0,Medium,1
great size screen mebest reading portrait similar typical paperback easy carry keep hand,1,Short,1
wish came instruction book like delete books share books,1,Short,1
quite improvement older kindle screen beautiful much faster,0,Short,1
far fine still learning use,0,Short,1
purchased yr old loves love parental control well variety games learning apps available plays learns reads even watches movies limits set great,0,Medium,1
received days ago review later thank,1,Short,1
love size travels well easy read load books games easy go emails facebook books buying books amazon borrowing library couldnt easier get one,1,Medium,1
device seem bug audible stops volume lowers open app,0,Short,0
love kindle fire also got great deal,0,Short,1
slow response,0,Short,0
love far easy use like better samsung tablet,0,Short,1
familiar operation thought would like regular android tablet,0,Short,0
clear image nice size use,0,Short,1
far really like upgraded mine years old wish could get weight watchers app though would,0,Short,1
love kindle even thought would initially purchased fire hd go access ebooks digital comics sideloaded comicrack works like charm however ive used uses ive found addition readingi regularly use note taking remote desktop functions work course playing games screen fantasticmy graphic novels look amazing touch screen responds really well big step android tablet paid price drawback able add storage space gb model leaves around gb usable space,1,Long,1
love little sad find way add storage happy cloud screen big clear device easy learn fun use many applications download found jurassic park love awesome wish got free books borrow month like three per month would nice one money tight cant swing another bill unlimited,0,Medium,1
th kindle family five love cheaper ipads much offer linked share music movies books games,1,Short,1
absolutely love version,0,Short,1
old one got droopped replaceed expected,0,Short,1
love kindle fire easy use,0,Short,1
fire days love works great easy navigate easy read,0,Short,1
replace old kindle due recharging issue one good find user friendly features like need figure disable otherwise good recommend,0,Short,1
disappointed amazon charges usd get rid sponsored ads product functional really exceptional plastic feel performance ok number apps limited well,0,Short,0
big small easy eyes,1,Short,1
easy use luv,1,Short,1
easy use box lightweight lots fun kids,0,Short,1
ipad fire hd love fire hd purchased backup devise handle storage limitations ipad fire hd exceeded expecations one regret chance buy fire hd purchase fire hd outstanding devise put smile face every time chance use,0,Medium,1
ordered one came daysand still waiting onesuppose come aug dont understand bought timestill great product,0,Short,1
got one kids love parental controls easy set,1,Short,1
super value meets fire hdx amazon ing,0,Short,1
happy new kindle,1,Short,1
slow functions returned,0,Short,0
great tablet,1,Short,1
excellent price happy purchase,0,Short,1
upgrade compared previous version last kindle fire hd crashed crashed hard took hours charge wouldnt hold charge eventually wouldnt turn debated month kindle going get almost got voyage super glad decided go one battery lasts day even read hours time everyday display crisp love option color backs kindle would definitely recommend,1,Long,1
nice little table came fast easy use would recomend anyonet,0,Short,1
display sharper previous kindle keeps stalling shut restarted concerned quality one,0,Short,0
love purchesed several dont stay charged long,1,Short,0
best thing ability download prime movies watch gym without going unsecured network screen little small bit money absolute bargain buy,0,Short,1
completely satisfied kindle fire,0,Short,1
surgical procedures within week period become absolute best friend bedridden surprised called amazon prime day better selection products would interested,0,Short,1
bought wife loves shes time probably reliable,1,Short,1
far found kindle fire hd easy use still havent used audio far device met needs also feel great addition classroom help struggling readers improve reading,1,Medium,1
awesome low prime price everybody must check amazons daily deals,0,Short,1
fire would big replace console able buy app fire mature age please add game like injustices old year old kids,1,Short,0
love much improved two kindles,0,Short,1
lovelove love easy use even nontech savvy individual like,0,Short,1
got great price delivered time excellent tablelt,0,Short,1
gift received mother previous fire experienced unusual error toolbars disappeared slightly smaller screen wider thickness previous kindle dont mind much used previous tablet daily basis new one running great seems bit quicker previous model battery feels like doesnt hold long runs apps drama see toolbars,1,Medium,1
kindle last six months device charge even though purchased new charger happy miss kindle spoke kindle personell says cost fix feel since device even year old psy,1,Medium,0
upgraded fire love size know could purchased wanted hold better specs thats got happy customer,0,Short,1
like fire one exception cant turn disable carousel incredibly annoying navigation fire simple theres need annoying carousel right center home screen,0,Medium,0
gift son loves didnt even notice asked forwhich ds,1,Short,1
easy use great resolution fast lightweight good buy,0,Short,1
pleased fire hd durable great sound small unit screen sharp performs flawlessly easy set customize mainly using streaming videos listening music reading intend use laptop substitute pinch see silk browser nice wont surfing unit often old school still prefer desktop laptop tablet phone productivity entertainment unit perfect especially amazons prime music option stream music online listen playlists offline holds true prime videoswatch online line happy item nothing negative ay,0,Long,1
love useful need something toss purse go dont get wrong still love reading hardbacks love convenience kindle gives moments notice battery half bad either,0,Medium,1
great tablet price paid picked mine local meijer great watching movies books going internet,1,Short,1
excellent value,1,Short,1
nice present yearold,0,Short,1
every good product shipping price,1,Short,1
wish could customize better good,0,Short,1
thing constantly shuts restarts watching show amazon prime freeze make obnoxious sound minutes finally shuts reboots sometimes trying unlock frozen cant even swipe unlock sometimes,0,Medium,0
love new kindle,0,Short,1
great item great price,0,Short,1
great love mine came free time limited subscription washington post bezos owned also great,1,Short,1
like google play store dont buy,0,Short,1
bought tablet time dont even use tablet kindle fire way faster love,0,Short,1
lack expandable memory internal storage bums great,1,Short,1
bought gift daughter absolutely loves,0,Short,1
absolutely love,0,Short,1
nice little reader,1,Short,1
found battery life way short,1,Short,0
disappointed video showed ability watch shows tv set specify works shows prime even separate firestorm cant send netflix kindle fire tv screen huge part bought,0,Medium,0
issue im battery life seems shorter old kindle otherwise loving,0,Short,1
great tablet fast browsing watching videos memory isnt issue since amazon offers free cloud storage wish usb port amazon app store offer,0,Medium,1
third one impressed earlier versions one really great good enough watch movies,0,Short,1
awesome device good watch prime videos audio books,0,Short,1
days still learning drive,0,Short,1
exactly wanted,0,Short,1
excellent picture minimal charging time tons apps claim ready use box absolutely correct love,0,Short,1
love wish came manual,0,Short,1
plastic back makes seem cheap charging power low,0,Short,0
fire hd worked well locked days purchase immediate fix according tech rep spoke told device would need lock several times tech could look devices history hopefully find problem second hold required reboot,0,Medium,0
exactly cat wanted,1,Short,1
excellent value,0,Short,1
everything expected navigation little clunky may get used,0,Short,1
bought see tablet compared tired ipad three far pleased although blown away many transferable apps missing like barrons ca usually open browser doesnt appear way transferring money magazine subscription least worth continuing comparison nice shell got new ipad,0,Medium,1
year old used birthday money buy kindle fire prime day sale loves using kindle free unlumited,0,Short,1
compact easy use also hd display awesome,0,Short,1
would nice came wall charger usb cord,0,Short,0
love ill love figure use better,0,Short,1
kindle excellent works smoothly nice screen perfect size happy purchase,0,Short,1
enjoying fire along grandkids,1,Short,1
loved last kindle love one,1,Short,1
love tablet far,0,Short,1
good tablet havnt looked back since buying love,1,Short,1
great google email audio books written books sync ical surprise one thing dont like much sound recordings cannot record label email file chorus important activity apparently itouch ipad good value money lack recording ability even downloaded microphone app buy itouch next time,1,Medium,1
love kindle fire,1,Short,1
bought gift daughter loves perfect present graduation,1,Short,1
ptroblem battery runs within hour sent fast charger doesnt solve problem,1,Short,0
crisp clear fast operating system good books entertainment screen seems reflective get nonreflective screen covers somewhat balances overall well worth money,1,Medium,1
bought prime day holiday present friend know great one everything know use mainly reading thats fine convenient lot apps super love mine lot thought hey perfect present great price,0,Medium,1
excellent versatile adaptable tablet,1,Short,1
love kindle except cannot download nook app two nooks prior purchase kindle way access books laptop really reading book computer kindle app nook occasionally used sure wish amazon would permit nook app could access books already kindle,1,Medium,1
needs include instructions,1,Short,0
fun tablet,1,Short,1
im extremely happy product bought hopes would work belkin keyboard tapping screen type love also camera functions well wifi easy handle little odd get used using phone everything internet different hard use ended exactly need im actually getting apps used hate clutter apps finding quite come handy,1,Medium,1
easy use nice quality daughter loves,1,Short,1
somewhat complicated use could intuitive,1,Short,1
full fun,1,Short,1
easy use great screen quality,0,Short,1
bought second kindle fire hd daughter fighting first one love much wish amazon still made origami cover newer fire,1,Short,1
one oldest kindles ever like long time wanted fire two weeks ago fantasy years use died got fire many options abilities love enhance reading experience enhanced mobile gaming streaming searching even though inches still quite portable problems like advertising wouldnt shut lock screen emailing amazon customer service fixed everything less hours want revolutionize kindle experience old kindle without spending arm leg get kindle fire hd,1,Long,1
still tons learn far like lot usb micro sd slot extra memory would nice,0,Short,1
love fire tablets much dependent amazon ecosyatem provides great way access books movies apps shopping complaint offer device gb version downloaded apps one movie lowest quality memory full market gb box gb storage available content unless completely fine streaming everything intent download anything locally spend extra money gb version,0,Medium,0
fire hd may fine product want reader proper audio jack however make sure know amazon load account information including credit card details full order history password required youll also get couple ads clear screen time wakes im returning buying something else company doesnt presume want private information preloaded easily stolen device im willing pay bucks ads,0,Long,0
fire hd received today new stated product description looks like belonged peyton deel contacted amazon earlier today response maybe get response review,0,Medium,0
love kindle easy use,0,Short,1
love kindle fire easy use works even better previous version,0,Short,1
love love love fire hd love amazon kindle even replacing mine completely free charge,1,Short,1
love loads much faster old one much good purchase money,1,Short,1
could happier kindle also popular brand mini exact thing better bank buck also easier kids navigate stars sure,1,Short,1
really like boots faster tablet,1,Short,1
absolutely love kindle fire,1,Short,1
kindle died purchased fire hd resolution great really enjoying using,1,Short,1
love fun easy use still finding,1,Short,1
need probably yo uses reads books plays games watches netflix youtube videos back looks like cheap plastic like scratch resistant note resistant scratch proof screen sharp nice resolution touch responsive wish though speakers front vs back,1,Medium,1
love new kindle fire,1,Short,1
currently kindle bought sister downloaded great books enjoy thank offering great price also got purple cover protector go,1,Short,1
enjoying new kindle except battery life old one would allow good charge five days w good four hours reading facebook games email daily one seems charge every eight hours thing using reading app facebook email games issue,1,Medium,0
like old kindle load music main reason got,0,Short,0
first generation fire quite contented birthday given hd fire word sound rich clear visual crisp im enjoying totally,1,Short,1
easy use,0,Short,1
decent tablet hate excessive amount ads amazon app store doesnt near many google play bright side extremely durable,1,Short,0
thank god kindle stuck plane hours saved,0,Short,1
favorite tablet sounds like digital studio used play music,1,Short,1
love new kindle take places small compact,1,Short,1
love still learning things,1,Short,1
met expectations,1,Short,1
wont download rd parties,0,Short,0
kindles fire hd wonderful,1,Short,1
love hope charging port hangs,1,Short,1
bought nabi time boys recently returned nabi bought another kindle fire love everything kindle easy use kid mode perfect nabi difficult everything,0,Medium,1
happy fire hd lighter weight older kindle fire,1,Short,1
gift exgirlfriendim sure ungrateful junkie would give stars,1,Short,1
works well farhopefully wont stop working like first one hardly used,1,Short,1
pleased tablet,0,Short,1
ordered fire hd prime days work ive tried pressing holding power button well quickly pressing power button however nothing works simply turn charged device night indication charging anyone else issues,0,Medium,0
say everyone needs reader,0,Short,1
works much better old kindle fire,1,Short,1
second kindle fire th generation october release model original kindle firewe three wonderful years say prefer feel original seemed better quality case okay internal specs new model ton better love added camera features moves super fast apps games show perform excellently another perk actually comes wall charger originals hated excited awesome device,0,Long,1
love tablet pictures clear negative hadnt able download nook app,1,Short,1
love kindle fireawesomei enjoy reading hand free things,1,Short,1
fire hd third kindle however im sure ever purchase another one freezes time frequently turn next page book frustrated plus side picture quality nice wish worked nice kindles,1,Medium,0
brought son loves ot time,1,Short,1
got month old daughter know cant believe either loves easy use,1,Short,1
bought granddaughter loves prefect kid play games take friend photos look photos upload live lets us keep contact fun,1,Short,1
enjoy kindle fire line good bit primarily use device easy access amazon prime music also quick surfing web bit small movies passable clear screen,1,Medium,1
picture great love watch time warner cable tablet,1,Short,1
hello amazon wifi games problem w apt bldg,1,Short,1
previous fire much betterthis takes longer update etc,1,Short,0
tablet awesome use time fits right purse happy purchase,1,Short,1
love kindle hd kindle love also great products,1,Short,1
complaint tablets dont support google play store major deal children doesnt offer lot games able play old tablets purchased tablets gifts day return policy expired im stuck,1,Medium,0
fast little tablet nice display good sound holds decent charge,1,Short,1
awesome little gadget wished didnt many advertisements reminds app,1,Short,1
love great replacement kindle wkeyboard color great makes interesting,1,Short,1
transfer email addresses kindle know would purchased,1,Short,0
big improvement old tablet cost excellent display watch movies prime great quality buffering,1,Short,1
good buymy son loves,1,Short,1
great screen poor battery life,0,Short,0
love love love possibly say,1,Short,1
love fire hd,1,Short,1
battery hold charge long old one g holds amount movies thought storage otherwise love,1,Short,1
love hd lot fun put acquiring since loved kindle gotten sooner,1,Short,1
easy use everything looking small table,1,Short,1
love kindle fire,1,Short,1
lost track many kindles fires purchased gifts fan start bought prime day thinking would give one grands didnt already one birthday present everyone seemed already enough gadgets already thought sending back opened registered spent entire day playing officially mine birthday coming helps justify greediness doesnt special offers annoying interfere anything make fire less user friendly,1,Long,1
screen smaller thought measures however way amazon measures overall great product small,1,Short,1
vision hearing impaired artheritis carpal tunnel pain make item unsuitable senior citizens,1,Short,0
easy use,1,Short,1
im happy,1,Short,1
bought second one son,0,Short,1
like kindles many different things need tablet would recommend try kindle,1,Short,1
really love kindle easy use take pictures listen music watch movies surf web read books main reason bought,1,Short,1
love exactly everything wanted needed complaints even received order sunday,1,Short,1
great speed graphics,1,Short,1
dropping first one tile floor replaced white model couldnt without kindle fire hd resolution amazing functionality great,1,Short,1
bought birthday gift boyfriend really loves mainly uses browse web watch videos talk skype far seems work pretty great,0,Short,1
amazon fire store wont let install adblock fire tablet even though android os amazon tight leash apps install store come amazon bad enough google runs muck ive fix many family friends computers malware viruses ads realizing much crap gets installed without knowing whats appsads install like amazon tracking surfing google shoving ads ur face ur historysurfing ur going track spy better ask first pay amazon google making cash yalls surfing app use warned,1,Long,0
dont like ads seen product friend wish paid attention prime day since ordered smartphone product amazon app case reading reviews looking friends version concerns especially since competitor product used various versions since negative vibes started purchase experience debating cancelling order really wanted explore android platform device found purchases made ios apps transfer kindle need reinvest purchasing favorite games course never able get levels since many played years oh well,1,Long,0
love itlight weight excellent image quality fast bought read books find prefer ipad thingswho would thought,1,Short,1
love kindle fire,0,Short,1
mom loves mother use cant please please go back stone age haha seriously though simple use think cool might buy one eventually well built screens got great definition one note would pay full price personally id buy fire got sale though price,1,Medium,1
bought year old grandson reads plays games plus buy kindle books download,1,Short,1
great investment daughter loves,1,Short,1
bought prime day replace st generation fire hd works great except isnt micro hdmi port like old could watch tv hopefully charger port one holds reason replace old one charging jack doesnt work,0,Medium,1
kindle gift sister saw one thrilled wanted similar one extremely happy kindles us must device five kindles date avid reader recommend kindle paperwhite voyage personally like paperwhite paperwhite wonderful reading really comfortable eyes read hours dont need recharge quite often light carry everywhere put thousands ebooks fire hd one must really comfortable watch movies read play games simply surf net like take either kindles ever go travelling take,1,Long,1
one working great far appreciate amazon workers helpful courteous,1,Short,1
everything says,1,Short,1
returned within week,1,Short,0
functionally pretty useless really glitchy bookmarks dont work well reading wont save pdfs need read go least doesnt make easy worst part stupid fuing ads pop every time turn big waste money,1,Medium,0
much power small package,1,Short,1
received kindle gift wife tablet pretty cheap brand prone needing reset frequently really enjoy kindle fire really dont even miss larger size,1,Medium,1
love happy purchased,1,Short,1
unit died months would recommend,1,Short,0
pictures sound awesome internet fasti would recommend tablet,1,Short,1
pleased would recommend everyone,1,Short,1
second kindle love spoiled hd display,1,Short,1
happened thirty day trial purchase kindle got charged way cancel get refund,1,Short,0
really enjoyed fire hd easy use makes reading ebooks enjoyable,1,Short,1
awesome product great price,1,Short,1
kindle fire hd got one kid age far kids love set parent controls limit time able spend kindle got kid free time use far pleased ton kid friendly apps books videos got gb probably went gb year old likes add lot apps take lot memory good note though apps extremely easy remove device overall pleased device,0,Long,1
wowi really love thingsize perfect hours listening audio books iheartradio shopping surfing web,0,Short,1
kindle one originals opted upgrade fire hd really like speed clarity fire miss couple games used able play seem longer available give back uno,1,Medium,1
order want port kindles great kids adults children managed break several,0,Short,1
everything ipad would purposes cost rather disappointed wouldnt connect overseas pleased overall,1,Short,1
say early point far good future wait somebody chance play around unit offering review case days enough time offer true review come back appropriate burn time met weeks eyes,0,Medium,1
limited applications available battery life shorter basic kindle,1,Short,0
like much absolute thing different hd fire camera,0,Short,1
awful mine arrived friday sunday afternoon went use screen wouldnt change black followed reset instructions still black screen started chat amazon support kept asking account details etc would transfer someone else third transfer asked supervisor refused transferred three times got phone call told nothing could done hadnt already tried said return dont understand tied hour half knew returned nook years still works great got caught amazon prime day hype thought would try kindle fire morning back reading nook dont waste money take good look nook deciding kindle fire amazon big guess customer service gone,1,Long,0
kindle hd perfect use dont business special needs work use mainly entertainment area five stars book pardon pun,1,Short,1
great product bought one aunt one niece love though limited amazons store youre buying someone tech savvy might better android tablet removable memory thorough selection apps price ease use hands best,1,Medium,1
amazon allowed full access google play would give kindle fire five stars without hesitation many apps amazon doesnt offer youtube google drive google maps chrome etc long time android phone user find frustrating able fully integrate fire phone pc sure apps side loaded shouldnt except google play issue ive well pleased product ebook reading watching netflix checking social media basic browsing worked flawlessly,0,Long,1
extremly inefficient extremly hard use keyboard interphase devices limited stick books stop advertising crap dont want bought continuos barage af advertisments,1,Medium,0
nothing much add works right typing keyboard buttons moved little frustrating outer buttons jacks moved typical smartphone layout frustration one charging jack main concern build quality feels cheap fact thats thicker tells theyve reduced cost building slightly bigger units say thicker without actually measuring itits much thicker tell right away upside got lightning deal prime day half priceso cant complain love kindlesdont get wrongi gut feeling quality latest model,0,Long,1
like alot first tablet far good like accidentally drop wont shatter glass great clumsy people like like size,1,Short,1
tablet purchased primarily reading ebooks excellent printing format particularly readers impaired vision everything else plus,1,Short,1
waist money crap,0,Short,0
day delivered continuously locked tapping apps contacted amazon needed two updates manufactured purchased received still occasionally freezes tax live first headache amason purchase trust amazon give time evaluate performance,1,Medium,0
wife loves exception battery life,1,Short,1
got gb mistake waste money total less gbs store anything way expand get benefit hd feature want download hd show mins tv show aka hr commercials mb got great price arrived quickly realized would need space amazon said send back refund buy one space nonsale price wanted exchange pay diff oh well live learn,1,Long,0
old kindle bit dust new one even better,1,Short,1
easy negoiate kindle fire like cameras,1,Short,1
coming nexus replaced due age tablets many features terribly frustrating aside special offers functionality features basic cant change much anything basics well doesnt run android like android devices beyond amazon tried make things missed mark also use almost half total gigs model even gets youthats far much sometimes feel like im renting tablet amazon unless another good price tablets future got mine prime day wouldnt buy another,0,Long,0
battery doesnt last long previous kindle,1,Short,1
simply amazing nearly interneting wonderful device,1,Short,1
dont usually product reviews please purchase wanting tablet amazon birthday deals came long fully considering getting ipad fire hd done research weighed options found distinct differences two tablets wanting makeup artist professional dancer travel lot ny nj wanted tablet mainly entertainment purposes able get fire hd amazon deal going day complaints far thing cannot sync itunes im ok since amazon prime many years allowing access videos movie considering tablet get totally worth every penny,1,Long,1
got year old reward finally potty trained cant put picky games apps allowed play controls make easy manage super easy use able navigate bad thing say,1,Medium,1
spent time charging using dead every time picked absolutely junk wonder amazon big sale unload biggest disappointment electronic device lifetime loved cheap old kindle lasted days single charge like read unfortunately gave away plan purchase anymore amazon tablets ever,0,Medium,0
expectations high isnt anything kindle book reader bunch ads screen making useful surfing web checking email smart phone screen small software menus use much real estate slow email web browsing performance still good reading books thats ill use wont try push farther wont go even big push headed back ipad world,1,Long,0
thought going able download movies watch trips attempts unsuccessful different older kindle,1,Short,0
gave gift,1,Short,1
still learning use far really love,1,Short,1
love every kindle purchased thank,0,Short,1
love reading kindle fire,1,Short,1
v happy fire hd however case hoped dislike color place hand hold computer,1,Short,1
major improvement origin kindle bought years ago real feature bought fire hd music capability didnt expect long batter life must time better original kindle however im still using original kindle daily mostly games,1,Medium,1
love new fire great customer service,1,Short,1
seems bit laggy got sale prime daygot really amazing would give stars preloaded suggestions right app carousel cant taken offi able change option nd gen kindle fire kindle fire luck getting rid annoying suggestions one thats probably special features honestly worth buying paid neutab year old bottom line tablets spending extra get something blows water makes happy,0,Long,1
rd kindle hasnt disappointed yet broke screen first one got melted freezepop spilled nd one overall love absolutely reason give stars instead able expand memory entail spending another space sayin,1,Medium,1
wonderful especially need b around house im using right,1,Short,1
nd fire unit far suck first os failed amazon doesnot way simply reload os kidding nd fire unit became suspicious said battery charged wouldnt take charge sometimes worked plugged always want money back cost movies purchased contact bezos directly,0,Medium,0
size handy easily readable easier change lighting options nd generation model happy power button charger input last version find go area several times get right could see future problem charger wanting grab told would freeze less previous version never old freeze first months owned frozen times first month impressed better graphics noticeable looking pictures still would recommend brand cover buy model amazon,1,Long,1
excellent although smaller expected,1,Short,1
love faster last one,1,Short,1
better paperwhite without confusing full tablet,1,Short,1
worst tablet history tablets app selection horrible school text books available glitchs constantly operating system constantly crashes many times reset multiple times read single chapter book,1,Medium,0
gift husband loves,1,Short,1
kindle awesome dont quite know waited long purchase one im glad,1,Short,1
bought two months ago kept experiencing intermittent problems powering come disappointed purchased kindles purchase certainly recommend anyone,1,Short,0
lots books computer unable connect kindle computer computers dont recognize rhey recognize load books photos anything else delete old books downloaded amazon,1,Medium,0
love great photo capability,1,Short,1
much better last model onoff button top kindle previous kindle onoff button back side physical handicap much use hands everyday tasks mouth mouthstick one better feature camera lens sides kindle take pictures,0,Medium,1
love fire hd previously owned kndle fire three years could longer charge device decided upgrade significant difference speed highly recommend,1,Short,1
omg love one older version faster lighter many features,1,Short,1
like much really nice tablet three kindle ebooks starting originalso wanted try fire price great pretty much everything would wantfacebook email takes great photos easy post fb etclots games books read much morei gave three stars ipad could get five stars,0,Medium,1
price ok apps limitations ads never allow better ok,0,Short,0
everything suppose bit rd kindle nd generation much better placement onoffvolume buttons ok,1,Short,1
excellent qualitythe screen absolutely clean greatvalueit took figure though,1,Short,1
awesome deviceeasy navigatereceived gift love,1,Short,1
wife hates electronic stuff bought mothers day using every day loving,1,Short,1
like really well far things could improved theres microphone dont let us speak enter text havent able find app far would add ability keyboard unlike firstgen kindle fire use period button periods switch number function find commas etc used hold period button slide comma etc also believe old kindle reverted back letters number screen entered space push button go back gets old also firstgen kindle fire nice grippy back could hold without cover one slippery rubbery finish thats step backward,1,Long,1
user friendly carousel jumbled mess recently opened apps main interface fire extremely frustrating navigate quick start guide worthless lot annoying facets device cant figure unless click everything matter amazon suggests buy something prime giant propaganda machine cant tablet minutes without suggested possible purchases could make somehow relate im frustrating,0,Medium,0
good tablet,1,Short,1
fire hd greathandy sizeeasy use camera good sending pics family friends ease,1,Short,1
dont know didnt get one sooner enjoying aspects fire hd,1,Short,1
use hd fire work personal tasks easy use plenty functionality really like,1,Short,1
great picture quality love unlimited books children amazon prime need say,1,Short,1
surprises second fire get one wife age maybe could used bigger screen little unit outstanding couldnt happier,1,Short,1
purchased years old downloaded books games loves,1,Short,1
like fine need discover way operate training teaching materials review help get use enjoy pad,1,Short,1
exceeded expectations far,1,Short,1
better expected thought going reader books expect skype email,1,Short,1
every thing perfect setting easy accessing web movies breeze love apps found favorite game love kindle fire hd thanks amazon michael e brown,1,Medium,1
love new kindle,1,Short,1
buy device advertised durable however year old dropped waist feet ground screen scattered actually purchased devices interestingly enough year olds device also shattered contacted amazon discuss replacing repairing device told amazon repair center recommended buy another device supervisor explained watch commercial closely device gets redirected windshield car unbelievable werent even willing give us discount new device disappointing,1,Long,0
gadget fantastic complaint find difficult move footnotes endnotes finally cured procuring stylus complaints whatsoever,1,Short,1
enough memory download one book time games downloaded reading book,1,Short,0
loved first kindle even better first one,1,Short,1
bought wife loves third kindle nd kindle fire one still works great st generation doesnt camera blue tooth,1,Short,1
im extremely unhappy lost original gen kindle fire bought one less month stopped turning thought run batteries plugged charge wouldnt take charge figured would report replacement customer service days later suddenly turns use week wont take charge even though charge wont turn really want like thing im going cut losses go nexus,1,Long,0
nice take time get use,1,Short,1
since last kindle years old decided replace new one happy old one like new one newer features use kindle everything instead computer,1,Medium,1
everything great offon switch stiff battery life near spec time stated,0,Short,1
inconsistent responsiveness kindles always responded quickly often times power back seems get stuck even bringing book already frustrating,1,Short,0
im sure nice tablet slow electronic devices im sure everything works,1,Short,0
got daughters birthday loves,1,Short,1
far im living,0,Short,1
excellent enjoy alot,1,Short,0
fire hd exactly need enjoy bought second one however arrived couldnt make work hour half amazon customer service rep mark found fire didnt latest updates required downloading frustrating time consuming process would think amazon would make sure brand new product selling date way consumer know couldnt get online even register new purchase bad form amazon good form hiring mark gem,1,Long,1
must confess sufficient time appreciate product words read information provided operate hd lot information absorb short amount time thus far however pleased ive able intuitively wish like lot new products provided quick introduction list,1,Medium,1
wouldve given stars attempting unlock devicei realized lock screen ad cant remove ad without price amazon mentioned exactly meant whole includes offers thingi probably wouldve rethought purchasing wonder like ish overall fast clear works great downside lock screen ads,0,Medium,1
glad drove kindle fire really see improvement new hd thanks,1,Short,1
love kindle fire already nook kindle lighter color definition much better nook,1,Short,1
love fire believe initial tutorial guide learning curve bright works fast love extra benefits reader tablet took trial error figure dictionary feature awesome press finger word dont know presto definitions appeargenius would definitely recommend amazon includes month free amazon primestill dont know activate info provided,1,Medium,1
amazing device three stars instead five turn fire hd special offers automatically delivered device want turn prepared pay us apparent privilege amazon claiming advertising subsidizes cost device fact presented purchasing option missed first time find bit nickelanddiming note updated review softening ad criticism changed stars,0,Medium,1
planning vaction hope come handy,1,Short,1
kid still love,1,Short,1
great little gadget wife looking,0,Short,1
since purchasing kindle fire hd used ways originally planned takes quality pictures easy post social media kindle also done thing videos also use ereader quite regularly tablets one far user friendly,1,Medium,1
second kindle fire upgrade first generation dont think battery charges quickly stays charged long pleased,1,Short,1
years using one speaker longer works screen stays black sound playing seem think charged problem happy wont buy another one,0,Short,0
love feature allows set different profiles adults children amazon freetime excellent way monitor childrens content screen time protect internet,1,Short,1
love kindle fire easy use great way tech inclined ready go right box,0,Short,1
simply love kindle use daily fire inch second gen terrific old kindle know im talking thing camera prime day extra early get new one basically high def front rear camera absolutely best deal tablet easytouse tons cloud disposal amazon got figured excellent product service,0,Medium,1
love fire kindle,1,Short,1
mom loves new tablet bad dollars,0,Short,1
works wonderful fifth one one broken number doa paid poor quality humble opinion,0,Short,0
fire hd ordered fathers day present would start take charge sent back amazon fire hd sent came magenta although works okay color totally unacceptable even since advised amazon customer service color available magenta patiently waiting fire hd black shipped,1,Medium,0
happy took awhile get use commercials easy buy browse,1,Short,1
say like reading better ipad negative doesnt interactive books,0,Short,1
got lending library upon receipt discovered lending library limited one book per month would nice know prior purchase finding information lending library easy next dislike thing full ads pay remove ads hogwash theres way quickly close app one must go settings applications section application setting clear cache way clear cache apps thats want heats fast loses charge fast camera quality grainy fogged cannot customize wallpaper theres really anything like item,0,Long,0
never tablet really easy use hardly ever use laptop,1,Short,1
four times tried get one wed offer thing dont think,0,Short,0
kindle great purchase perfect reading browsing games even great bedtime prime video viewing fits perfectly one hand light screen clear easy view light happy purchase,0,Medium,1
excited finally buy kindle deal offered th anniversary good pass gigs sold settled gig downloaded one movie watch upcoming trip since would flying immediately saw message saying storage low like megabytes left one movie took gigs assume rest taken operating systems purchased movie vs renting erase movie plan ever use tablet im actually thinking sending kindle back,0,Long,0
fast enough clear picture land screen fits nicely hand like soon find,1,Short,1
problems taking back checked,1,Short,0
everything expected,1,Short,1
hope learn really enjoyed far,1,Short,1
able get app thought could get,1,Short,1
well didnt enough gb,1,Short,1
getting th one months freezes constantly first worked ok months froze replacements froze box every tablet better,0,Short,0
mine defective,1,Short,0
second unit purchased replacing kindle failed said previous kindle failed due heavy use treatment year old used lot failure due quality issues please think reliability problems kindle first kindle lasted years unit upgraded memory far daughter happy new version uses everything reading web activity tube skyping friends versatile safe purchase get great value,1,Long,1
really enjoyed kindle next best thing iphone without steep price use imagined regret didnt purchase sooner,1,Short,1
received couple days ago display ok works well seems taking forever charge battery normal annoyed ads come thing turned search found remove pay something shouldnt deal ads guess amazon gets extra money,0,Medium,0
im totally satisfied product amazon never let,1,Short,1
love new kindle rd one gave older one kid play games,1,Short,1
got kindle hd days ago love paper white nook tablet thus probably favorite far connects goodreads fb easily listen amazon music read perfect tablet reading beautiful screen,0,Medium,1
love wish could get google play store great picture sounds better wifes paid air,0,Short,1
good tablet price freezing first time used wait see works period time,1,Short,0
seemed complicated yr old grandson gave mother likes got boy cubby loves,1,Short,1
instructions still trouble getting around programs many questions cant find answers,1,Short,1
love fire second one prefer tablets,1,Short,1
cant watch youtube video hd cmon dont know feud google something official youtube app,1,Short,0
bought book downloaded doesnt work cant figure use sun find product user friendly,1,Short,0
great picture apps get nice limited able playget apps android frustrating like kids tablets doesnt always respond well would suggest buying tablet isnt restricted google play missing way much,1,Medium,0
got present took advantage christmas july already kindle love mine sure recipient kindle going love well makes nice one cameras many cool things came cant wait give,0,Medium,1
maybe havent learned ins outs yet old kindle appears responsive sophisticated,1,Short,0
birthday present wife hero another day maybe two,1,Short,1
never pay amazon gift wrap package worst wrapping job ever seen literally paper ripped looked like someone already started open,0,Short,0
love kindle fire best part set year old son profile month gets unlimited apps shows books age,1,Short,1
ordered wifes birthday replace ageing hp touchpad moment opened shes thrilled loves look feel light weight especially touchpad size shes using regularly since got tried everything kindle app pandora even commented much faster silk browser chrome touchpad setup impossibly easy turned already configured amazon account books ready go couldnt pleased means im pretty happy,0,Long,1
bought husband loves,1,Short,1
great deal amazon prime day,0,Short,1
would love tell newest kindle like cant hook support group speaks fast asian accent didnt understand saying frustrated obviously record two college degrees stupidly problem audrey mochel,1,Medium,0
bought little brother works great theres always accidents occasionally drops theres visible scratches,1,Short,1
time learn fully use device seem able sign even turn button evidently keeps running next day charge reads battery left similar reading hope reading manual learn operate better also download games two granddaughters play,1,Medium,0
second kindle fire love kindle reader gave husband great travels work,1,Short,1
th kindle ive purchased may last one specific problem appears fix signing third party internet service type service used hotels restaurants hospital waiting rooms example cannot get wifi connection site needs acceptance terms signin sits lala land hotel stay regularly call internet help desk get logged adding mac address manually timeconsuming process annoying told regular problem newer kindle fires previous kindle fire problem fire hd ive talked tech support suggestion try restoring factory reinstalling stuff anyone say royal pain calling get one places wifi wont work problem cant fixed highly unlikely buy another kindle,1,Long,0
impressed battery drain cameras seems smooth guess root change ui got deal prime day otherwise would return,0,Short,0
purchased daughter loves says better kindle fire hd ideashe wont let see long enough check lol,1,Short,1
got great deal prime day weve looking tablet fire hd great nice size great little things looking hooray,0,Short,1
love new fire third kindle husband took second one love read use daily also discovered anything computer love able sit comfy chair thing would highly recommend anyone graphics great user friendly,1,Medium,1
okay tablet far reading goes want play games anything else gets bit warm use dont mind main reason got dont read phone longer want play facebook games game need go another tablet also problem tablet locking reboot think end buying different tablet replacing another brand even price wasnt worth paid often shut,0,Long,0
ordered green received white fix,0,Short,0
one best purchases ever made daughter years old perfect however perfect adults well perfect size also perfect price less easy use provides hours fun many low cost free apps definitely dont regret purchase,1,Medium,1
little tougher review since higher priced tablet really giving things first appreciate start screen ad amazon coins paid lot money ad free tablet still annoying hoping find way get thing little confusing find things need suppose get better time maybe review go eventually one negative wont let access prime music says need renew prime membership prime membership expire december good picture quality really good easy access kindle books main reason bought lot apps games like tablet layout big easy see little bad eyesight good try come back update review time see like,0,Long,1
like plan use video stuff,1,Short,1
love super handy fast small enough take got gift fathers day thanks dear,1,Short,1
include written guide get wi fi use things,1,Short,0
cant see much difference one old one button one horrible may well totally recessed one get coin turn one old one mere touch slide side worth money wore old one reason bought new one totally disappointed,1,Medium,0
works great wish could use chromecast could see tv shows tv via fire,1,Short,1
im still adjusting like real well thank,0,Short,1
purchased fire hd upgrade kindle fire wanted camera features older kindle doesnt pleased quality photos ease posting photos facebook account want able use travel keep touch back home sharing photos set skype fire hd used daughter problems think skype issue clarity videos watched fantastic size screen great viewing disappointment battery fully charged offers lot less time recharging older kindle reason keeping old kindle reading kindle books games,0,Long,1
love tablet easy use set still figuring love thanks,1,Short,1
purchased mothershe loves,1,Short,1
need device needed daily certainly app differences much easier hold,1,Short,1
great price get main problems found glare screen light shines well kindle lags typing,1,Short,0
brought prime day fantastic deal gave gift receiver loves might order one already kindles loved size graphics,0,Short,1
really love fire hd,0,Short,1
love perfect size find apps need much faster tablet even faster computer downloads great price,1,Short,1
fire hd perfect ability understand master new technology fire thing senior citizen tackle unit two weeks learn something new every day run snag ask google help ive gotten help every time needed solve problembut pissed bought unit july sale could saved sixty dollars,1,Medium,1
really like fire hd mild dissatisfaction battery im constantly charging,1,Short,1
put going book one takes care need read capabilities use intuitive design easy reading light thanks,1,Short,1
disappointed product want turn push power button try swipe screen tap respond unless times would recommend kindle anyone total waste money,0,Medium,0
simply idea kindle us good bought cable connect could transfer pics songs took mins get pics transfered less gb storange used apps pics music gb kindle thst get nothing hooked bluetooth speakers tells gb storage left thst factory reset thing times want headache cannot recommend bought one gift supposidly brand new first turned wrong name top left screen email address gift kindle well mine got mine month later ordered black us personal info begin feeling good amazon security point maybe come pre loaded esp cliff ridley,1,Long,0
good product easy use setup,1,Short,1
dislikes minimal fact cant personalize background kinda meh feel like takes away cant personalize also fan instagram app like going buy original nexus unfortunately google doesnt make anymore nexus tablet wonderful camera easy way go apps things could fix camera could bit better kindle fire needs able personalized like personal wallpapers definitely get instagram app everyone wants use brand app none friends also vine instagram say overall itll,1,Long,0
connected yesterday still hoping books kindle also videos already paid roku asking pay needs fixed,1,Short,1
trying work fire hd several hours keep getting message connected internet look connections clearly shows connected home wifi installed two updates right box purchased mirroring option follow directions seems fire hd support display mirroring tried different applications say disappointed tried set profiles kids could never get work gave multiple attempts hate ads every time turn restart several times get work also problems pages hanging would wait wait something load nothing would happen frustrated sending back day received,0,Long,0
good buy granddaughter loves,1,Short,1
grabbed prime day cant much better price wise good tablet quick prime shipping great price quality product make purchase five star pick,0,Medium,1
starting inch tablet features faster processor better graphics performance predecessor ships amazons latest androidbased sangria operating system new os better battery saving functions allows individual profiles great sharing amongst families permits content sharing different fire devices though feature yet roll also comes cheaper inch model smaller hands tighter wallets pricing availability europe australia yet announced us price works au,0,Long,0
much write love st generation kindle gave daughter needed upgrade new one doesnt disappoint ton storage space apps user friendly great camera opinion best tablet book lovers social media addicts disappointed kindle,1,Medium,1
st tablet love many features discover new things everyday,0,Short,1
amazing meets needs lightweight great sound easy handle great buy,1,Short,1
love size clarity screen function well things needs connected network connected wifi strong connection different apps time network error extremely frustrating trying watch movie ive actually given trying watch movie,1,Medium,0
gift recipient loves using every day,1,Short,1
th kindle hope ones charging port holds,1,Short,1
like read kindle need user friendlycame well packaged build quality great see lasting years thanks great product,0,Short,1
great device took understand nuances streaming downloading definitely stream lowest hd quality arent home mb enough plan stream good bit time traveling would much better,1,Medium,1
first kindle im thrilled,1,Short,1
love great deal price comfortable reading convenient extras included,1,Short,1
nt expected,1,Short,0
good previous kindle doesnt hold many downloads previous memory gb keeps freezing closes pages start reading sending back main menu seriously thinking returning,1,Medium,0
gift granddaughter loved,1,Short,1
got fire today fine missing power adapter im going contact amazon today see send one otherwise return cant chargeuse,0,Short,0
arrived right time dont already kindle fire good luck customer service indian call service could answer easy question clear reading script could answer question refused transfer another tech person basically figure tech support,0,Medium,0
love get case,1,Short,1
easy set get apps wanted,1,Short,1
purchased received today thought would able use bluetooth headphones nope kind bummed otherwise far good,1,Short,1
love hd glad finally decided order hd use every day nice able watch shows get latest roku amazon etc great buy,1,Medium,1
bought kids ages love picture great good sound use anywhere wifi im overall pleased purchase got sale would definitely buy another one regular price,1,Medium,1
purchased case new kindle fire case good quality leather kindle fits perfectly would recommend product,1,Short,1
pretty good wasnt amazon prime think might used another one need pleased price would recommend anyone meets basic wants needs,1,Short,1
perfect size travel love download prime movies tv shows tablet viewing wifi present,1,Short,1
kindle nice ordered sons bday used exactly weeks shut wouldnt turn back called customer service department happy replace refurbished one paid basically used kindle didnt option replacing new one since practically new backorder,1,Medium,0
works great needs expensive getting daughters one,1,Short,1
amazing tablet lots powerful features new fire os great overall improvement terms performance user interface still beta phase looks feels promising cant wait official release would recommend product anyone looking budget tablet lots features also love amazon ecosystem app store getting better minute,1,Medium,1
son loves,1,Short,1
upgraded earlier model love one lighter also like apps use regularly available work well always loved library device cloud options still wonderful downside hardshell slicker earlier model makes harder prop reading overall wonderful product,1,Medium,1
dont know working right doesnt work near well last kindle fire seems like turn lot get work right hope newness changes loved last kindle fire reason got new one son damaged charging port going cost almost much fix buy new one kind wishing gotten old one fixed,1,Medium,0
rd kindle onethen daughter kept borrowing gave mine bought new one husband kept borrowing bought one love love,1,Short,1
love new kindle fire hd perfect delivery quick recharge great screen,1,Short,1
perfect size great main purpose reading surely cant handle slow apps games facebook etc,0,Short,0
love kindle negative thing would concerned charging difficult plug charger device pull went old kindle kindle still works cant charge charging socket loose plug connect imean concerned happen new device,1,Medium,1
defective product even want pay return label fee,1,Short,0
kids like bought one link amazon account get link kindle phone get emails downloading one,1,Short,0
love tablet anything watch movies read audiobooks play games much kindle book reader well recommend tablet anyone wants great experience tablet tablet perfect size take anytime anywhere,1,Medium,1
pleased kindle fire,1,Short,1
love kindle hd fire readingits amazing primary purpose upgraded hd fire lots kool little apps features music aspectdoes appeal requires purchase amazon prime member wanted able transfer music itunes device however find easy overall satisfied,1,Medium,1
thing excellent buy performs well size want small tablet read play games occasionally surf net thing steal price,1,Short,1
daughter six months takes good care bought nice case froze non stop sometimes takes hours play sometimes turn let turn start,1,Medium,0
second kindle much better first generation memory faster speed better display sound definitely lot bang buck,1,Short,1
exactly described love kids mode ability apps like smart phone book quietly read would purchase,1,Short,1
love first happy upgrading glad,1,Short,1
cant believe kindle locks screen automatically comes ads disgusted amazon right pay extra remove ads disgusted would give stars otherwise bought original fire got one sister love mine much disappointed,0,Medium,0
bought thanks amazons prime day tax bought wanted comparing kindle reading comfort fire hd didnt function actual book paper color background actually like tablets smaller market amazon apps comparing major competitor gb really enough,0,Medium,1
sound quality great,1,Short,1
met expectations,1,Short,1
unhappy amazon today apparently many others advertise promotion dont allow people buy product scam prime member years feel like amazon doesnt value business worse knowingly treats like know,0,Medium,0
bought cheap android tablets past sluggish fire runs real nice fast well worth bang buck,1,Short,1
fire hd hd display wifi gb purchased great rd kindle thoroughly enjoying appreciate quality work amazon,1,Short,1
great device though feeling bit whelmed regarding using getting bombarded regarding offers im also bit worried surprise charges popping im sure ill comfortable awhile need little time,1,Medium,1
kindle readers fire fabulous idea,1,Short,1
tried buy one mb prime day multiple waitlists like many others never opportunity purchase fire hd hope last prime day huge bust,0,Medium,1
happy fire,1,Short,1
good product pay get rid advertisements thing shameful really amazon get times,1,Short,1
love little tablet include special offers bought closeout staples thats probably,1,Short,1
like much previous fire hd user friendlyalso battery last long like fact camera,1,Short,0
like size convenience traveling right size read books play games would recommend others,1,Short,1
got wife third kindle new design much sharper earlier models recommend model,0,Short,1
met expectations daughter enjoying,1,Short,1
love easy use understand,1,Short,1
everything expected disappointed bought week prime day found sale felt offered credit,0,Short,1
love works great kids,1,Short,1
love drawback faultwish gotten gbp vs disappointed anyway,1,Short,1
husband lost planegreat deal works good,1,Short,1
im avid reader year ago would frequently go book store buy soft hardcover books changed bought kindle fire beautiful hd screen books came life longer got tired reading softcover books late night ability adjust brightness page color well highlighting anything thats important changing font font size etc easy whats great fire also full fledged tablet huge app library email web browsing well cameras amazing cannot recommend highly enough buy already wont look back,0,Long,1
recently kindles exactly,1,Short,1
dont know people posting negative reviews werent able get product test one use ipad picture sound quality great use watch movies tv shows read books listen music search internet special prime day bought one parents im excited get set,0,Medium,1
im love,1,Short,1
bought gift mother could share books loves,1,Short,1
gran son enjoying,1,Short,1
pretty good tablet ive grown like carousel approach home screen build quality screen good bit heavy side tablet integration amazon services works well videos music cloud photos books youre prime subscriber really take advantage services negative side theres access google play store lots apps available amazon store live wo gmail app since email client fire configured work gmail many apps wish available google hangouts chrome clash clans browser comes fire doesnt stack chrome chrome isnt available amazon app store dont appear trustworthy browsers available amazon app store summary wasnt prime member id rather true android tablet,1,Long,1
love color great watched two movies far,1,Short,1
cant get one game spent time uno,1,Short,0
perfect non ipad husband,1,Short,1
complicated wanted download book dont want computer,1,Short,0
gift sons th birthdayhe loves,1,Short,1
llove non google thing,1,Short,1
bad watching amazon prime listening amazon music shopping amazonother big smart phone without phone function,1,Short,1
lucky enough get cobalt one prime day considering pretty much deal worth getting prime day pretty happy first tablet go look see arriving discover arriving aug really wont get whole month mean guys ones planned prime day right knew many kindles going offer sale right world didnt plan enough hand actually ship sold going arrive time upcoming trip look looks like im going spend warranty cuz sounds like break easy reading reviews protective screens cases styluses man point im thinking im better canceling purchase accepting prime day flop,0,Long,0
bought mother prime day also little trouble ordering called staff friendly helped hitch excited thank amazon rock always happy product service provide,1,Medium,1
got prime day idea comes supported ads pay get rid couldnt download apps google play apps couldnt use get second rate versions cant even put wallpaper spent hours started return process really disappointed,0,Medium,0
far good weeks,1,Short,1
considering buying kindle would definitely get extended warranty better yet buy something else second kindle one delivered may th longer working soon turn screen battery bar goes free fall mode get warning plug charger almost immediately pops powers kindle plugged charger happening charge kindle never lasted long contacted customer service waiting hear back first kindles battery longer charges properly either least lasted yr range,1,Long,0
love device,1,Short,1
great tablet really good price third kindle fire keep getting better year prime member content kindle great lots free video music,1,Medium,1
love fire reading seems better eyes paperwhite also love read tablet,1,Short,1
works great easy use nd kindle one still works wanted one storage,1,Short,1
far one works,1,Short,1
one best purchases ive made long time easy use intuitive,1,Short,1
love kindle fire caught kids new technology pleased,1,Short,1
hello based saudi arabia would like purchase fire hd prime member would work use privilege use kindle watch movies etc thanks gerico,0,Medium,0
multifunctionaljust grammy needed,1,Short,1
second kindle love got lucky purchased one morning trolling internet remembered prime day cant wait get thought twice buying since dont need could beat price saved could always gift winning,0,Medium,1
fire excellent purchase recommended many even channels available television fire primary source entertainment one small package easy navigate hour help questions rare necessity abundance programs free well purchase truly count one best purchases,1,Medium,1
st nd generation kindle loving one,1,Short,1
fire hd great second kindle mostly use home changing one works well keeping track pages books also amazed find apps amazon available makes twin except size thank,1,Medium,1
daughter loves hd,1,Short,1
love fire books ive paid dont seem want download time ive spent money nothing,1,Short,0
switch kindle fire hd located right strap holds kindle case hard turn,1,Short,0
randomly kicked waitlist multiple times white black gb versions would browse bit amazon come back check find removed waitlist,0,Short,0
would give stars cannot load google stuff onto apps backed google amazon allow google tablet bought returned one gave little one wife would never tell anyone purchase amazon allowing choose put tablet purchase bought samsung galaxy tablet enjoy,1,Medium,0
husband loves,0,Short,1
highly disappointed amazon cant order anything prime member yrs,0,Short,0
love kindle ads pop main screen charging annoyingi even turned still would give otherwise,1,Short,1
actually purchase friend family many different versions ipads able compare great cheep tablet lot thicker ipad really big deal particularly holds better lost two ipads already broken screens much responsive older ipad handle smaller screen great,1,Medium,1
really pissed trying get prime deal today says claimed black one white let get either joke,0,Short,0
received kindle fire hdx xmas loved lasted months dead black screen help reset etcwill turn good customer supportbut unit dead lot money something lasted months soooo yes buying smaller hope last longer last longer ill change pad,0,Medium,1
first kindle cover kindle embossed open tab opened like book good new one labeled ovoe opens opposite contrary books open awkward best must installed way access controls manufacturing error poor design amazon quality regularly experience,1,Medium,0
like defiantly great inbetween lap top phone love easy get books one downfalls say instagram isnt able downloaded,1,Short,1
dissappointed system letting cart,0,Short,0
amazon kindle production fine art quick accurate device favorite mine amazon easy work customer service unsurpassed,1,Short,1
love love love wanted price could beat,1,Short,1
nice size lighter old kindle hoping kindless charging port issues resolvedi holding judgment till see issue goes,1,Short,0
frustrated wasnt able get fire hd happy prime day tried hours nothingugh,0,Short,0
great product bought buy,1,Short,1
least intuitive kindle seen text speech attempt created monster could controlled read wanted disgusted returned item,1,Short,0
purchased daughter arrived time enjoys still learning use like set time limit access certain content give another review familiar product,1,Short,1
met expectations exceeded,1,Short,1
price good little tablet thicker little heavier want still ahve use samsung tablet important stuff would try get sale,1,Short,1
im late thinking time buy special today spent bit time reading reviews comments figure options best reading reviews want ads well less hours promo guess sold ads except color gb reading reviews id also wanted get larger capacity weeknight stay ready buy deal midnight sharp else,0,Medium,0
although still learning ins outs love great birthday present,1,Short,1
love wish came better protection front camera,1,Short,1
works well got get back love fire hd owning months really enjoyed features found funny looking thing keypad microphone could talk searching anything books responded well like reads womans voice sounds natural mechanical sound great stand alone music source like read like soft music background lot free apps brings email super fast performs like computer well satisfied fire hd bet love truly well satisfied fire hd,1,Long,1
wheres gps navagation capability standard function tabletsmart phone planet except amazons products,0,Short,0
really love,1,Short,1
tried quite order prime day luck even though gb white claimed black claimed went tried someone must luck unfortunately,0,Short,0
dont know complain joined waitlist prime day deal one site next thing know deal done notifications page phone app wrong,0,Short,0
looks great gift daughter,0,Short,1
love fits purse always book,1,Short,1
needed easy use hold use desk top computer use work posting sale items keeping track prices helpful tool,1,Short,1
love fire hd mostly use email reading news videos photos research back forward facing camera sound really nice technology geek find tablet easy use highly recommend,1,Medium,1
impression joined primes free trial would eligible buy got runaround method paying bought something long ago trouble certainly swayed decision pay subscribe prime spend money anywhere,0,Medium,0
got new fire hd lighter original fire love hd buyers beware comes preloaded lots aps standard g adequate buyers clearly adequately warned much free space actually end said still pleased kindle fire fact husband tell anyone interested addicted kindle wonders amazon offers step program,1,Medium,1
highly disappointed amazon experience currently kindles one kindles longer holding charge contacted amazon find cost serviced told service devices quoted price new kindle purchase asked speak supervisor expressed frustration kept silent period time remarks commented still phone really highly disappointed customer service service kindles moral story let break otherwise purchasing new one,0,Long,0
bought wife tablet older version years new tablet much nicer loves one additional perk watches movies click character information,1,Short,1
bunch crap happy prime day deal says filled black one yet wont let put cart run promotion cause frustration people,0,Short,0
appreciate kindle fire much like tablet screen backlit reading experience computer phone made mistake buying fire returned fire bought paperwhite extremely satisfied paperwhite looks like paper night much easier read plus basic books,1,Medium,1
loving easier navigate,1,Short,1
tried add cart morning amazon wouldnt let tried almost different colors sold system finally work said gone ive prime member years spent morning trying purchase kindle looks like amazon spent money effort advertising prime day actually selling stuff day disappointed annoyed wasted time,0,Medium,0
hard view screen sun,1,Short,0
completely disappointed product battery garbage purchased trips battery wont last hour,1,Short,0
like tablet wish instructions get started easier understand still know get email,1,Short,0
still getting acquaintedbut far great,1,Short,1
want book reader view videos surf great looking tablet look elsewhere proprietary,0,Short,0
prime member would love buy basic black bg prime deal even though sold cant get add cart,0,Short,0
love great improvements older st generation kindle fire,0,Short,1
love updated first fire one rocks,1,Short,1
love kindle,1,Short,1
kindle everything seriously couldnt happier,1,Short,1
purchased granddaughter stolenshe loves especially camerashes ball works great,1,Short,1
beginning use options complaint battery seems short charge life twice ive charged longer periods thought might trash charging worked frustrated less month right couple months use seems working fine part reliable ipad like though find things price paid think got wonderful deal,1,Medium,1
great got get one,1,Short,1
found operating instructions help button everything went smoothly,1,Short,1
easy use really appreciated material kindle transferred without problems,0,Short,1
wish would spent extra get without special offers pain never pay attention one extra step get dashboard took little getting used icons display different old kindle still good value price,1,Medium,1
nice little tablet downfall doesnt app vudu,1,Short,1
bought replacement original kindle fire apps great picture love fire,1,Short,1
better expected great quality works great,1,Short,1
st kindle years ago needed anymore basically enough room new design took little getting used love much functions previous one also went upgraded memory option,1,Medium,1
good tablet nice size new easy use still learning offer like color also,1,Short,1
kindle fire hd clear easy use features expected would definitely recommend good amazon product,1,Short,1
love great product works fantastic,1,Short,1
month use reading get internet facebook emails like would recommend,1,Short,1
bought stop stealing wifes ipad right size check email web searches without issues got great sale price plan store one movie time take lot photos get g better,1,Medium,1
really like farim still learningita little different one,1,Short,1
terrible chargerit charged device one time quit working could send one works id glad delete review,1,Short,0
great little tablet,1,Short,1
easy navigate crystal clear read,1,Short,1
love new fire hd,0,Short,1
love fire,1,Short,1
great carry drs appts,1,Short,1
device totally freezes times respond touch turned turned back also times slow,0,Short,0
camera could better everything else good,1,Short,1
happy purchase fits perfectly,1,Short,1
love firehd clear sharp love reading playing games compares one thanks amazon,1,Short,1
great device still need figure download books amazon public library,1,Short,1
always love kindle fires meets expectations,1,Short,1
love kindle cooli tend use work distraction work works fabulous,0,Short,1
love feels like cable tv better,1,Short,1
device responsive quick wish little longer battery life stands forced take waterproof case bought far often useful good device kids starter tablet,1,Medium,1
glad finally bought one,1,Short,1
tablet arrived timenicely packaged ready go box confused add seemed requirement accept could get setting tablet signing prime membershipso able finish setup later got email telling prime membership declined didnt provide cc ive since learned click adds many addsive pleased tablet,1,Medium,1
pretty good price kids love games books free time feature im amazon prime member love free book month lots choices ive short time im still learning features far im happy selection,1,Medium,1
well develop tablet kids handle abuse without case recommend getting case daughter put great job kindle,1,Short,1
live use day,1,Short,1
year old kindle fire died directed newer one amazon customer service major improvement original,1,Short,1
loved fast service,1,Short,1
way learn use poke around user guide printed provided fire learning poking aroundalso disappointed battery life full charge paperwhite much better screen great except unable reverse background black white,1,Medium,0
much learn item definitely outdone expectations far im impressed delighted,1,Short,1
happy well fits keypad raised makes typing easy,1,Short,1
bought gift daughter uses time keeps trouble,1,Short,1
perfect absolutely best posting photos reading music games apps name features price cannot beat would recommend anyone market personal tablet,1,Short,1
love gorgeous color awesome music play great books tape movies etc,1,Short,1
ordered case instead today really need case go outdoors carry devise around im still learning use thing yet watch anything finally got stylus write fingers fat little keys watched rome,1,Medium,1
kindle seems everything going stereo speakers great,1,Short,1
expected better sound battery life low,1,Short,0
love fire problem hooking onto wifi thru modemshould solved tomorrow,1,Short,1
love easy use,1,Short,1
bought fire wife truly loves kindle,1,Short,1
working local technology tomorrow learning new skills everyday love new kindle fire,1,Short,1
good product tablet easy carry light weight allowed establish security three grandchildren keep buying products click profile theyre either reading playing like apps year olds actually read book constantly delete applications limit apps freezing making us reboot tablet larger amount storage easy switch kindle tablet reading book,1,Medium,1
dont know well enough yet,1,Short,1
review gives stars device amazon carrier ontrac device seems work well quite expected except endless loop initial boot hard break guess continue work advertised replacement hd never worked properly due continual system crashes failures restart always charge get around battery predictably quit two years one purchased refurbished excuses amazon one wants refurbished dud ontrac seems brought unit hand phoenix nine hours always deliver lightning speed case mattered leave town ten minutes later hope get copy,1,Long,1
husband enjoys kindle fire loves playing games,1,Short,1
love hd price great love color personal tablet,1,Short,1
looking great small tablet found itthis holds books magazines newspapers movies gmail compact little design super easy setup use even apartment opposed logging laptop issue watching movies glare screen antiglare sheet fire hd horrible great,1,Medium,1
still hate silk browser wish could choose alternative especially display flash half fb entries see cant view still wish way organize books apps especially way include descriptions way organize say genre also hate kindle books line height controllable standard books said screen resolution good light battery life sucks little better last version wish way seeing device fully charge without turn like first kindles,0,Long,0
needs simple starting instructions,1,Short,1
love perfect read books whenever wherever also allow year old cousin play games get social media let everyone know wonderful books im reading also download word documents workedit author huge plus,1,Medium,1
perfect kids,1,Short,1
battery seems short lived compared old fire,1,Short,1
prime ticket rent good movie free awesome rent bad movie free really dont care,1,Short,1
needs flash player standard speed execution certain apps great,1,Short,0
person loves,1,Short,1
works great love control apps content kids see im android person nervous android tablet ipads expensive going buy another one daughter next time go sale buying gb version complaint gb enough space wish phonetablet makers would youre going say gb storage give enough gb storage os standard apps installed memory isnt expensive would stars usable space,1,Long,1
great item,1,Short,1
love actually nexus quit working would trade great,1,Short,1
bought son th birthday loves,1,Short,1
super satisfied thisits best yet,1,Short,1
love expected,1,Short,1
second kindle worn nook kindle excessive reading much easier paperback hard back book read like able check fb things,1,Short,1
love kindle fire hd first kindle find user friendly use mostly reading disappointed purchase,1,Short,1
manufactured poorlyis delicate declare tv commercial well amazon site commercial discontinued false advertising ad showed amazon kindle fire tablet flying top moving vehicle crashing pavementthe driver stopped car dismayed child discovered forgotten kindle fire tablet sustained damage kindle fire tablet indestructible protected case screen protector howeverit broken foolishly thinking kindle fire withstand handling purchased screen protector kindle fire hd tablet grandsons birthday present friend bought protective case kindlewhen gifts opened screen protector case put tablet grandson surprised immediately declared happiest boy worldtwo days later dropped casescreen protected kindle carpet screen shattered pieces plastic kindle cracked amazon refused replace kindle april,1,Long,0
commercial shows fire flying van unto cement driveway everythings ok real life drop ft screen shattered amazon course says tough luck dont waste money,0,Medium,0
battery life frustrating known wouldnt purchased gone back old device fix battery forthcoming,1,Short,0
easy use things need,1,Short,1
love kindle fire got first tablet kiddo love parental controls time limits however special offers appropriate kids filter still kid friendly removable lock screen unless pay made original price sale price good deal thought need pay removed,1,Medium,0
love fire hd kindle amazon totally amazon girl ive reading many books new fire hd kindle love color quality different things like browsing internet checking emails listening music taking pictures totally recommend purchasing product received product time securely packed ive issues whatsoever definitely five star rating,1,Medium,1
thrilled new fire hd much fun still learning finding new things day,1,Short,1
belongs grand daughter,1,Short,1
bought daughter absolutely loves hope buy one point fairly soon well,1,Short,1
nice little tablet easy read light weight,1,Short,1
love easy use great picture makes happy,1,Short,1
yr absolutely loves,1,Short,1
initially liked device user friendly would turn days minimal use may isolated occurrence however star reviews show may reliability issues power supplies purchased may want consider extended warranty,1,Medium,0
nd kindle ordered amazon daughter ordered first ordered second pleased handling order promptness received,1,Short,1
fan kindle purchased one november upgrade previous model constantly problems spontaneously powering even though nearly fully charged little year february longer would longer charge turn disappointed older kindle fire lived newer one,0,Medium,0
fire hd display exceeded expectations pleased purchase great value price,1,Short,1
love nice little tablet great price even print wireless printers effortlessly found printers right away work needed great small business owners like need check orders emails messages etc go great picture sound watching movies waiting airport ill looking buying gifts,1,Medium,1
research comparing different tablets opted purchase kindle fire first tablet impressed avid reader honestly main reason bought tablet much easier carry around books pretty much set removed box set go downloaded apps synced email along downloading books great night browse internet check email facebook play games read without disturbing husband seems run fast issues since arrived,1,Long,1
love dont know waited long get,1,Short,1
best ever price however would good apps didnt come simply playstore think work properly kindle,1,Short,1
love partner threatens going come missing one night,1,Short,1
worse ever dont waist money second replacement buy shamedeleting day never end trying deleting one picture battery last minutes shame brake easy even cover,1,Medium,0
rating incomplete still getting acquainted product persons digital savvy might breeze slog getting acquainted phase may wonderful tool know get need,1,Medium,0
battery doesnt last isnt intuitive tablets used,1,Short,0
love new kindle bigger screen really cool features books like highlighted sections,0,Short,1
love kindle fire old kindle broke wanted another simple one mom got fire thought way fancy love enjoyed downloading music videos well books highly recommend,1,Medium,1
birthday gift husband game addicthe loves itchess cards cribbage day anywhere,0,Short,1
im coming tablet ipad ipad getting old upgrade needed choose fire hd due price constant amazon ordering buy books audio books seemed natural fit im really happy everything working planned find screen really nice responsive reason gave stars batter life im comparing ipad need charge fire everyday big pain charge phone everyday im worried go camping anywhere dont easy power access might issues,1,Long,1
meets expectations,1,Short,1
ever asked plus size perfect fit purse easily light best thing far less expensive tablets including ipad,1,Short,1
far good keep,1,Short,1
doesnt love kindle use device everythingbrowsing web super cool silk browser scrolling facebook taking pictures playing games entertaining child need arises etc would recommend fire tablet anyone everyone,0,Medium,1
love iti bought three kindle productsalso paperwhitewonderful products,1,Short,1
love known versatile would purchased one much sooner,1,Short,1
fault years old sight one eye right one see everything cannot read anything printing small read even manifying glass sorry,1,Short,0
love upgraded features larger screen great purchase,1,Short,1
got christmas yesterday july died wont charge wont come nothing,1,Short,0
one gift given yet,1,Short,1
easy set use love size,1,Short,1
great savings item still must rove case yo charge,1,Short,1
ive always used books paper getting acquainted electronic devices past year recently received birthday im enjoying features capabilities apps tablet arent available kindle even though good android operating system,1,Medium,1
picture brilliant really enjoy watching movies love added features reading section well love much information found even reading book wish held charge longer rapid charger love kindle,1,Medium,1
im enjoying fire hd,1,Short,1
get replacement could find first one three years,1,Short,1
received far good,1,Short,1
lovelovedid mention love,1,Short,1
love stuff usually laptop,1,Short,1
works great thank,1,Short,1
old kindle new fire hd one different features like hd fire,1,Short,1
great product son said loving thing,1,Short,1
love size lighted screenthe color great improvement original kindle bought years ago,1,Short,1
perfect gift year old husband difficult figure work,1,Short,1
easy read,1,Short,1
absolutely love new kindle fire pretty light hold clarity amazing compared older fire happy new th generation kindle fire hd,1,Short,1
love fire hd,1,Short,1
product great aware charger packed box inside looks like spacer ive thrown charger without knowing sure open everything box,1,Short,1
seems rugged enough picture good,0,Short,1
kids love,1,Short,1
like button different sound buttons,1,Short,1
enjoy much quick downloads easy read screen,1,Short,1
kindle fire happily gifted year old daughter reading experience upgraded fire hd fire hd faster sangria os userfriendly lots new additions especially love family library easy family sharing options got inch gb storage know better option since gbs storage really go fast also affordable personally kindle fire hd excellent buy great readers experience besides youve experience kindle going back,1,Long,1
navigation intuitive hard use downloaded prime videos delete watching enough memory useful,1,Short,0
love itwould go bats without rich,1,Short,1
happy initially kindle suddenly stopped working tried charging itnothing charger works things outlet works fine wasnt problem tried hard resetnothing even tried charging night thinking battery really deadnothing kindle completely unresponsive reason total mystery nd kindle row quit working months usevery disappointed,1,Medium,0
love third one best,1,Short,1
enjoy end ive done read books still comegames wifi,1,Short,1
replace old kindle fire hd old one lasted probably thousand books looking forward next thousand,1,Short,1
sleek form easy use bright colors,1,Short,1
good lasted,1,Short,1
like better kindle theres room screen clear lot features,1,Short,1
sent back,1,Short,0
ive months still cant sign wish samsung,1,Short,0
winner love price rivals wifes ipad one firth price problem wife reading book says ipad heavy get kindle fire hd back,1,Medium,1
size onboard storage known actual usable amount substantially less disappointed option expansion long unconnected trips unit performed well otherwise speaker screen quality great,1,Medium,0
looks great,1,Short,0
met expectations great price,1,Short,1
gift didnt pick previous cover ableto rotate kindle grooves could set kindle different angles vertical horizontal position cover doesnt allow kindle stay open unless hold,1,Medium,0
first tablet far happy,0,Short,1
money tablet rocksawesome speed graphics love prime instant video device,1,Short,1
really didnt use much first got started watch boardwalk empire rome soon discovered one good ways use fire hd search web id say use mostly entertainment nice great visual acuity great sound,1,Medium,1
im owner first fire still love use however needed able store movies etc use wifi eg movies flying bought fire saw sale issues new fire results differences old fire one thing really hate new way exiting application requires one make swipes bring back home button first fire always,1,Medium,1
like fire wish held charge longer even battery loses power may something right need learn operating fire hd,0,Short,1
fifth kindle always reading one,1,Short,1
although love older version kindle fire screen sharper vivid battery bit better far run time wish would hint covers fit ordered could cover right away go pages covers find one liked would fit come amazon get ball,1,Medium,1
fun fire hd learning something new everyday,1,Short,1
cant beat price,0,Short,1
like lot always liked kindle iam also enjoying camera nice feature,1,Short,1
love great tool,1,Short,1
im able download read books several quirks manual explain im able change bible references nearly well printed version,1,Short,0
bought year old daughter great investment road trips better used ipad,1,Short,1
im still learning use able surf web play games read book check facebook already enjoying using good size big hold onto small enough get hot heavy im pleased kindle,0,Medium,1
second kindle ive purchased great tablet color upgraded little bit last one happy,1,Short,1
issue new kindle fire takes long boot old onethe original kindle fire booted much quicker works well,1,Short,1
good tablet perfect really enjoy,1,Short,1
nice little complicated compared ipad difficult change profiles battery dies quick,1,Short,0
originally purchased first kindle fire came loved one purchased one broke kindle nice cant give stars feels bit cheaper one previously owned also home screen key board plain also really hate lock screen advertisements find ridiculous pay much tablet find advertisements lysol huggie diapers way turn havent found yet kindle fine need,0,Long,1
works good,1,Short,1
works expected like syncing device reading apps use samsung tablet long connected wifi bookmarks highlights transfer right nice also like assortment free books,1,Medium,1
battery life awful barely makes hours processor slow however clarity great easy watch movies read bit heavy compared kindles,1,Short,0
really slow aggravating thing works properly reader even malfunctions would returned lost receipt,1,Short,0
everything expected amazing tablet reading mail news etc,1,Short,1
overall good tablet lot glitches freezes time time takes away page reading nowhere dont like advertisement screen saver cant even change wish would allow personalize,1,Medium,0
great tablet enough said,1,Short,1
happy tanja,1,Short,1
watching kindle husband thought needed one loves easy learn use thanks amazon,1,Short,1
im always amazed kindle products fortunate get first model fortunate upgrade fire hd use night watch movies without disturbing wifes sleep,0,Medium,1
originally purchased gen loved daughter broke warranty husband wonderful man bought gen nightmare sending third device supposed today hopefully charm want give higher marks loved first kindle hoping,1,Medium,0
came time works well good dealr,0,Short,1
happy kindle fire everything wanted,1,Short,1
fire turning claims images crisp fast relatively easy use say relatively years old come era instructions came everything today expected already know use newest electronics ive nexus year buy nexus dummies book able use fire either less complicated ive forced learn thanks nexus main reason buying fire camera nexus could used skype taking photos fire also mention price right,1,Long,1
first tablet enjoying muchwould recommend beginners seasoned well,1,Short,1
fantastic love everything,1,Short,1
really love,1,Short,1
like much especially reason laptop longer connect internet,1,Short,1
love use time,1,Short,1
say amazing,1,Short,1
love fire better expected reluctant buy one decided try glad like better ipad,1,Short,1
havent read books yet,1,Short,1
bought gift mom loves,1,Short,1
good fro grandma reads,1,Short,1
surpassed expectations battery life great im loving upgrade previous kindle fire wonderful relatively inexpensive tabletperfect,1,Short,1
grandson loves ive bought never problems,1,Short,1
ive fire hd two weeks im still learning process three stars ease finding programs issues find fix readily user manual installed unit dont expect rating go gave grandson one christmas help use,1,Medium,0
overall device superior fiveyearold nook one complaint want flexibility organizing books id like create categories shelves move books rather merely creating links would useful builtin utility convert books formats mobi typing setup better nooks reading aids xray dictionary etc also better nooks,1,Medium,1
disappointed like well enough enjoy features however replaced kindle extremely disappointed sit outside read work take pictures also much glare screen even setting shade,1,Medium,0
like still learning use reading part small convenient take,1,Short,1
battery doesnt last nearly long older version kindle items slow load turns wifi without involvement far often doesnt lose connection actually turns wifi device uses device annoying im already tired ads thinking month waiting period pay extra one without ads would worth feel forced bought one ads waiting period doesnt make sense otherwise nice much improved features,1,Long,0
works better expected,1,Short,1
really awesome like fire hd lot,1,Short,1
love using fire first tablet,1,Short,1
bought hubby remarks wants features camera video enjoys version opposed original kindle fire,1,Short,1
would given stars battery life isnt thought would otherwise love new kindle,1,Short,1
old school wanted read real books happy talked buy saves much time money buying going library read constantly shouldve gotten long time ago also easier read book lit background,1,Medium,1
great reading functional kids app clear picture good size docked one star ease use kids still need help navigating pagee,1,Short,1
fire hd everything expected economical price,1,Short,1
lots fun would recommend,1,Short,1
really like amazon products theyre user friendly high quality budget friendly love amazon screen perfect size crystal clear picture quick touch response fast processor great product,1,Medium,1
like wished port add gig also want able use internet wifi available,1,Short,1
cant bluetooth anything wifi connection ridiculously slow ive tried restarting reconnecting still doesnt help,1,Short,0
like much dis shut couple times also locked plaing games,1,Short,1
great device,1,Short,1
missing access really basic apps like youtube also keep running apps appstore run android devices cant installed fire,1,Short,0
excited purchase kindle disappointed arrived picture quality high definition crystal clear processor speedy touch screen accurate using keyboard reason giving four stars instead five app store offer many apps apple android devices wish apps available hopefully near future,1,Medium,1
extremely pleased purchase,1,Short,1
really really like kindle fire hd tablet purchased fire totally worthless crashed frequently would crash would actually shut would repeatedly push power button make turn kindle fire hd month tell well worth money processor tablet fast means apps open fast crashed even month gets lot use totally reliable point tablet also great listening music use headphones listen music sound incredible minor complaint google apps tablet cannot download kindle fire,1,Long,1
seems like great product unfortunately decided return since run android apps many favorites weve already purchased google play store kids would upset lose want repurchase amazon,1,Medium,1
love kindle fire really fast compared laptop laptop constantly getting updates hanging firefox crashes time use kindle fire almost everything really use laptop running programs cant installed tablet also got poetic case works beautifully use lot coupons craft stores dont need print save pages web coupon reading list take without connected internet got one special offers im bothered adds quick swipe close easier regular web adverisments im happy purchase,0,Long,1
really like new kindle fire hd numerous entertaining educational programs easy find certain websites app carousel really enjoy watching movies tv shows tablet great deal improved quality kindle fire hd easy handle much stronger last one really recommend tablet really glad purchased amazing hd tablet,1,Medium,1
bought year old daughter learned dyslexia specifically interested immersion reading use kindle audible versions book together reading audible version playingplus kindle highlights read audible within days daughter read first chapter book cover cover seeing excited read made purchase completely worth heads middle school increased reading demands think invaluable resource family,1,Medium,1
okay kindle fire hd st nd th generation must say like st nd generation must better one seems light weight cheaply made battery life even par st nd generation last even half long seems get warmhot unlike ones reason user friendly settings completely different known purchased would got older one daughter degree computer science tech savy issues one guess used using st nd generation tablets disappointed fire hd,0,Long,0
love kindle bigger screen,0,Short,1
really liked new kindle fireuntil crashed two months later power turned six hours later could turn back charging work holding power button nothing spent evening amazon kindle support phone absolutely help told nothing could told amazon wait weeks replacement popular backordered real impressed kindle amazon,1,Medium,0
really enjoy reading fire hd great color,1,Short,1
done research bought thing one apps regularly use compatible kindle apps work perfectly cheap little contract windows phone really disappointed kindle bought supposed perks library card doesnt offer turns arent,1,Medium,0
disappointed kindle fire given daughter mothers day reading without touching anything print go vertical horizontal back forth several times stabilizes moments also frequently difficult retrieve books library hate turn wifi retrieve book macular degeneration love lighted background almost ninety years old savvy electronic gadgets probably evaluate kindle fire perhaps buy another old kindle still available sincerely margaret vermillion,1,Long,0
im big tec person still things figure wife apple person fun see differences two lm hooked system good size great clarity easy set wrote review lot glare side sunlight,1,Medium,1
hard manage saved galaxy tableet instead borught thiis ughfhrfhfhfhf,1,Short,0
love kindle fire hd easy use turned guided process,1,Short,1
love better expectedgreat quality durable would highly recommend tablet,1,Short,1
found hard figure work like computer amazon orientedwish got tablet,1,Short,0
love tablet fantastic many things one purchase pleased,1,Short,1
new fire great pleased speed resolution rd kindle original keyboard upgraded st gen fire fire died almost years decided hd upgraded gbp im glad use tablet e reader willcontinue kindle,1,Medium,1
watching movies miss wording actions screen small pictures good iphone however overall great small tablet use everything,1,Short,1
exactly looking,0,Short,1
difficult navigate versus original kindle,0,Short,0
many kindles started original slowly worked way one thought would really miss feel book dont still read certain books paper form easy purchase books kindle matter buy book internet connection always good thing financially lol amazon prime get pretty good deals books parents late taken earlier versions play lot scrabble solitaire well read bought particular model mom could original fire love camera made purchase worth highly recommend kindle anyone loves read particular model anyone loves take pictures videos,1,Long,1
bought mom first generation kindle fire loves new one,1,Short,1
like small way tuck small purse bag easy use,1,Short,1
love fire hd dont want put,1,Short,1
love fire need dont like update use reading facebook performs well enough thatm,1,Short,1
im sure device fine problem user find confusing perplexing easy use,1,Short,0
love everything thought would,1,Short,1
great still trying ti figure,1,Short,1
product described loved,1,Short,1
made college less hassle buying books,1,Short,1
love kindle love color complaint fire hdx well battery lasts soooo much longer one makes sense one drains really fast reason even use may return see batter issue,1,Medium,0
get past amazon google love kindle experience wonderful amazon features likes books music excellent tablet still android still enough google familiarity make tablet great experience set phone aside evening home enjoy social media apps entertainment beautiful inch display kindle,1,Medium,1
kids seem love,1,Short,1
bought wife gift heard many good things everyone correct bought good product loves tablet everything advertisedto,0,Short,1
love kindle products brand loyal,1,Short,1
much better thought would,1,Short,1
charge port small,1,Short,0
year old love fire hd,1,Short,1
kindle fire one live customer service love bought one gift mom loves great value price love kindles,1,Short,1
time wanted,1,Short,1
grandson love play time love,1,Short,1
fire hd enough battery run one half two hours continuous use thought would last longer cant play favorite games fire hd doesnt support java,1,Medium,0
kindle fire display wifi gb perfect mom reads books emails facebooks,1,Short,1
great tablet wouldnt want anything else trouble ive finding attachable handles reading little heavy uncomfortable hold awhile handles could find different tablets little difficult navigate software apple product used got hang pretty quickly would recommend anyone size needs phone laptop,1,Medium,1
bulky device compared others could apps open one would crash user interface bloated intuitive could install apps use android devices ads annoying returned bought galaxy tab much user friendly trouble running apps,1,Medium,0
cant beat value get price gave case feels cheap camera sucks didnt get reasons im ok bucks watch movies anywhere connect media server browse web email etc good deal,1,Medium,1
nice love color every thing works great except sometimes turn press button numerous times,1,Short,1
hard get used first since used pc im getting gift still havent figured email stuff need study also big hold awkward fine set something use since smart phone etc experience okay like camera aspect screen nice large easy see,1,Medium,1
much faster first generation kindle love color speed size,1,Short,1
absolutely love kindle graphics great easy understand,1,Short,1
sure thought built wifi could connect anytme anywhere wrong orther great device far,1,Short,1
purchased husband loves,1,Short,1
always wanted one finally got love im hours sometimes best item bought long time,1,Short,1
got one week ago really enjoyed everything runs smoothly far guess problem cannot rename files downloaded online tablet yeah definitely change name connected computer small problem love machine quite good one designed basic tablet users,0,Medium,1
works great easy use,1,Short,1
great kindle kids,1,Short,1
love new kindle hd earlier version stolen earlier year glad able read,1,Short,1
works great,1,Short,1
second kindle fire first one lasted months really love books available kindle however really think last much longer apple ipad years problems like size ipad reading,1,Medium,1
great price convenient size reliable definitely would purchase,1,Short,1
tablet slow touch screen took several times register slow processing would close applications open,1,Short,0
like get used os,1,Short,1
wont stay connected wifi,1,Short,0
fantastic issues,1,Short,1
battery dies faster expected otherwise good,1,Short,0
year old uses well independently,1,Short,1
im nd one first must faulty factory didnt work seem volume issue nd first volume goes streaming anything sound super annoying close app reopen hopes actually working excited upgrade nook kindle impressed shame,1,Medium,0
excelente product,1,Short,1
best product amazon makes completely advertised,0,Short,1
easy get started navigate,1,Short,1
pleased product received ordered quickly,1,Short,1
great machinedoes advertises,1,Short,1
enjoy tablet price right daughter enjoys watching prime kid tv shows,1,Short,1
connected wifi network works living room dining room,1,Short,1
daughter bought kindle helped pay money first job used week realized gb enough memory love kindle tablet would never encouraged invest product replaced year would recommend buying gb,1,Medium,0
kindle like part body love,1,Short,1
awesome tablet purchased gift yr old loves read kindle,1,Short,1
disappointed amazon allow use google apps least google chromecast looking caught fight chromecast firestick looking proprietary would buy apple yuck,1,Short,0
bought kids month half use totally shot said amazon fair issuing refund,1,Short,0
thanks service great,1,Short,1
love kindle fire parent control features perfect ordered year old year old share loaded learning apps books enjoying free prime great customer support,1,Medium,1
love user friendly screen size good,1,Short,1
dont know get started,1,Short,0
would liked better instuctions use wait someone show use,1,Short,0
clarity beautifuljust wish screen little bigger,1,Short,1
great tablet use whole family works great thing wish childs profile would let access free time would like download games app store well ones thats really complaint tablet,1,Medium,1
nice display big heavy carry around easily works well especially kindle apps videos books etc,1,Short,1
say kindle need cool bright color im technical person use mainly apps occasional browsing online got good price,1,Short,1
product went beyond expectations nook well love however kindle provides tablet feel brighter colors course many titles choose kindle unlimited im sold best ereader market especially owner two leading brands,1,Medium,1
still learning uses enjoying much,1,Short,1
omg ever live without size awesome fits right bag practically indestructible dropped close times little learning curve mostly intuitive right beginning get phone apps improvement beginning available kindle platform could improvements think time time moment cant think one best purchase ever made oh wait one problem yes battery takes charge using interactive apps battery life short hours would like see,1,Long,1
like fire use regularly wished battery life longer charges,1,Short,1
enjoy kindle much kindle fire hdx love couldnt afford another gbt one gbt little slower pretty much thing little slower,1,Short,0
great amazing lasted almost years one scratch nothing device batter little confusing long consistently charging batteries life decent wise amazing,0,Short,1
work tv returned,1,Short,0
kindles account never problem first last one bought awful bought kindle fire hd daughter christmas overheat shut constantly recommend kindle alli also buying anymore kindles ever called help line said could sell new one one year months defiantly worth money spent product,0,Medium,0
second kindle fire previous one purchased years ago upgrades kindle impressive also pleasantly surprised amazon linked new kindle books apps previously purchased happy new purchase,1,Medium,1
using apple ipad many years say kindle purchase initially year old could download bubble guppies keep occupied restaurant outings worked like charm purpose reach instead kindle paperwhite read easy highlight access dictionary months tend carry everywhere shopping amazoncom almost daily kindle also like fact durable havent dropped yet friends tell survived major falls ease use picture quality playback speed overall functionality perfect would highly recommend anyone,1,Long,1
works well easier travel,1,Short,1
battery runs quickly puzzles pieces get stuck one spot shut got standby mode instead even though push shut spot,1,Short,0
great easy use,1,Short,1
far im impressed good picture quality fast video streaming good connection amazon prime instant video amazon music,1,Short,1
weeks use fire hd expired dead couldnt revived impressed however modified rating reflect call received amazon extending assistance provide replacement fire hd arrives impressive since fire hd used times change rating new device arrives,1,Medium,0
love love love picture great use time love prime download free movies watch anywhere without wifi,1,Short,1
love apple ipad owner great price n quality,1,Short,1
love tablet,1,Short,1
love easy use love graphics,1,Short,1
ive short time longer works screen longer functions touch screen basically useless,1,Short,0
great little tablet,1,Short,1
great tablet bought yr old dwnload movies games loves put parental controls put airplane mode shes set,1,Short,1
kindle fire great option yr old second fire gave first one thought childs kindle right wasnot advanced enough fire years,1,Short,1
thought could bypass apple mini ipad features need bluetooth system compatible older macbook iphone wifi must connect internet bluetooth alas fire hd returned,1,Medium,0
device nice like lightweight wasnt told available colors cover big deal first day setting night problems needing reboot reset default settings luckily everything restored,1,Medium,1
good enough old people,1,Short,0
kudos amazon never fail amaze customer service products create incredibly amazing first shipping thus way faster expected obvious wow secondly upon opening tablet see great quality put love display crisp images speed fast loved automatically connected kindle books apps definite stars,1,Medium,1
isnt first kindle fire im really enjoying new features like firefly last kindle fire fast able control font size great needless say love new version could stay away amazon store would miracle,1,Medium,1
picture quality excellent bells whistles included,1,Short,1
really love kindle fire,1,Short,1
needed price great,1,Short,1
really happy kindle fire,1,Short,1
excellent easy use littler weight,1,Short,1
great streaming video great picture easy work havent even untapped potential yet look forward,1,Short,1
loving get use handling,1,Short,1
ive bought wanted give another chancethey lifespan months constantly drop service screens paper thin definitely worth bucks like spend time trying connect wifi using matter good service isonly thing good booksthis good system know wont get refund may well let everyone know various experiencea ya netflix wwe app youtube work first week could wrong people got row work like trashoh bought grandma one also works like crap,0,Long,0
greaaat tablet,1,Short,1
love fire hd,1,Short,1
love new kindle fire hd read play games even shop one reasons love fast reason front back camera picture quality nd none glad purchased,1,Medium,1
love great value brilliant colors good battery life good camera capability,1,Short,1
love fire hd great picture easy use love,0,Short,1
gift really like heavy like ipad plays great movies really clear picture looking something light fast,1,Short,1
havent chance use arrived safe set went fine love pink,1,Short,1
battery life long reading book sometimes autorotate revert beginning book impressed nd kindle purchased one first one difficult charge thought would cheaper buy new one,1,Medium,0
love second generation edition first one still going strong one grandkids use,1,Short,1
like fire hd fast easy navigate however appears apps offered app store compatible fire hd maybe shouldnt offer app store apps going work limited access apps arent even offered app store disappointing unable link cell phone fire hd im sure kindle acknowledged bad reviews popular apps offered app store would known would limited applications errors might gone regular tablet,1,Long,0
love fire hd rd kindle product im still playing learning tricks using picture sound fantastic,1,Short,1
bought gift husband fathers day loves th kindle purchase one seems get better display great eyeing fire hdx wonder new kindle works wish amazon would consider sales entice customers one reasons bought fire hd display sale thought good price,1,Medium,1
great tablet bought wife loves fast shipping,1,Short,1
really enjoy fire hd im able easily read books play games download battery life good way use isnt necessary recharge battery day however need recharge via computer thing would change add small light known kindle charging unless kindle turned cant tell charging,1,Medium,1
received birthday gift love,1,Short,1
love kindle fire wish camera better quality though,1,Short,1
love fire hd use every dsy,1,Short,1
bought take work stream music lightweight good sound takes ice pics wanted,1,Short,1
thin need charged often dont know mine build bad body,1,Short,0
everything wanted,1,Short,1
loved first generation kindle fire much hated give charger port quit go something else fire hd went sale figured itd good since loved old one much true awesome half price less tablets new volume button great hd screen great improvements kindle books reading experience incredible amazon awesome customer service rocks,1,Medium,1
fast simple use parental controls make feel good letting kids play ordered,1,Short,1
wife loves,1,Short,1
bought daughters th bday loves actually lot nicer expected great buy,1,Short,1
easy year old mother use,1,Short,1
love itdont think go back reading paper books,1,Short,1
really enjoying kindle fire hd battery seems last forever,1,Short,1
im still getting accustomed navigating around pretty much would consider plug play device extremely user friendly multi media device even though main usage books study great product compatible online usages,1,Medium,1
bought mom loves never puts,1,Short,1
kindle husband always using mine bought one pleased kindle family love,1,Short,1
great device easy use thanks,1,Short,1
works great better expected highly recommended best kindle fire yet,1,Short,1
love fire everything need,1,Short,1
well built purpose need,0,Short,1
come free audiobook month deal im disappointed,1,Short,1
really like fire hd right size fit purse clarity quality picture great would recommend product,1,Short,1
gift recipient loved,1,Short,1
item little hard figure use wish would came instruction manual also item smaller thought would little bit thicker kindle say think like kindle better although im really sure since got one,1,Medium,1
great size beautiful clear screen happy purchase,1,Short,1
love kindle first generation finally updating kindle sleek faster comes nice color also lot features disappointed,1,Short,1
cool tablet lacks power order run demanding new game apps enjoy first tablet since auction work still use smart phone,1,Short,0
great far,1,Short,1
work well outside u outdoor reading one u,1,Short,1
never purchased item get charged,1,Short,0
first tablet think amazing delivered days ordered problem ive sometimes wish battery life longer,1,Short,1
still getting used find need research something amazon instantly available much efficient typing address phone logging account,1,Short,1
bought toddler perfect,1,Short,1
love part keeps telling wifi connected kindle connected wifi unplug wifi replug reset others house using either make mad wait everyone asleep,1,Medium,1
love nd kindle keeps getting better better,1,Short,1
fine except special offers screen auto presents every time log hate disappointed cant stop want look item know offers screen irritating wont buy anything forced face please remove kindle replacement one charging port issue already totally satisfied customer buy new one please remove special offers screen thanks help rating would higher issue,1,Long,0
five stars,0,Short,1
fire fine instructions came us know manoeuve around gadgets,1,Short,0
fast shipping helpful staff always come back amazoncom,1,Short,1
love daughter wish bigger one,1,Short,1
everything hoped,1,Short,1
little space data looks great theres much store gb enough things kindle honestly thought would like fire phone dimensional effects isnt disappointed hoping use games play phone know bigger screen whatnot doesnt like others less memory space havent even really used since received set put music delete half still room apps books let alone documents even fire phone smaller screen,1,Long,0
enjoy new fire features didnt good old kindle bought sale well worth price getting frustrated seeing book covers color,1,Short,1
im still learning things im little disappointed battery life first held charge hours holds hours takes forever recharge,1,Short,0
easy shift older kindle,1,Short,1
bought son loves sturdy recommend,1,Short,1
love kindle fire,1,Short,1
wonderful love color bright beautiful display ive issues thus far,1,Short,1
purchased year old motherinlaw travels always carried suitcase books told already put books account kindle looked said happy glad doesnt lug around extra suitcase highly recommend,1,Medium,1
since came instructions learning go cant seem find make print larger reading books would like know delete books read longer care keep device cloud,0,Medium,1
perfect fit hd dont wasted money generic covers,1,Short,1
really love want price good display,1,Short,1
love second one,1,Short,1
perfect gift fathers day right size weight nice volume allow listen car thing missing recording app allow practice baritone parts,1,Short,1
happy new fire hd,1,Short,1
love new kindle hd ads love em entertaining splash screen start received birthday present upgrade kindle fire well worth nice upgrade negative comments far long know youre buying amazon experience great,1,Medium,1
bought kindles kids love,1,Short,1
love display sharp crisp functions fast everything could hope apps great superior find google play also love free app day gives chance try different apps iwouldntnormally try thank kindle,1,Medium,1
cannot get plants vs zombies,1,Short,0
second one love,1,Short,1
paid would paid full price would,1,Short,1
easy set use,1,Short,1
works great new go tool,0,Short,1
good first kindle excellent replacement good day one memory full reason,1,Short,0
didnt realize fire uses proprietary operating system find bit confusing sure get used fine,1,Short,1
enjoying reading books sure enjol things learn find get operational,1,Short,1
really nice easy use,1,Short,1
images clear stunning dislike cant tell charging complete light indicator like older models,1,Short,1
love gave generation grandson bought new one much faster response times old one use time,0,Short,1
issues apps freezing great sound music good quality camera,1,Short,1
far works great iwould still like find set send text messages,1,Short,1
ok tablet except fact amazon prevents using many popular important applications frustrating part inability let kids use kid safe internet browsers mobicip k web protection workarounds described internet ive tried however end good luck trying get one working within kindle freetime fact seems like amazon purposely doesnt want browser work kindle apps top head allowed kindle chrome gmail youtube google play store farmvilleinstagram firefox many limited amazon app store cant get full library android apps google play see purposely block google apps business reasons bought two regret kids constantly disappointed ask game internet browsing friends tablets cannot,1,Long,0
excellent every way,1,Short,1
love daughter love amazon free time needed great price,1,Short,1
overall like first experience tablet im disappointed however short battery life like hours wont able take long trip since requires frequent recharges,1,Medium,0
good read,1,Short,1
much expectations good playing games disappointed instagram see post cannot upload pics anything,1,Short,0
finally get new kindle fire set little different getting used really love,1,Short,1
like everything kindle fire ads knew hand cant get rid might annoying,1,Short,0
eight year old saved money months purchase kindle sadly dropped within first week screen cracked called amazon see could pay repaired said repairs asked replacement screens repair kits saw sale amazon rep said product make endorse said way replace broken screen extremely disappointed lack concern helpfulness shown situation least could offered let us buy new one price purchased broken one price gone completely unacceptable way repair screen otherwise functioning device supposed put landfill drop another new one ps anyone suggestions experience replacing screen please let know thanks advance,1,Long,0
got love,1,Short,1
fire proved better quality tablets run across know customers complained little things either lucky amazon getting better control manufacturing process last various amazon products purchased gifted performed flawlessly expect one also didnt go extra warranty cause lets face technology always pushing ahead yesterday current tomorrow obsolete reason didnt purchase higher end performing fires either go best deal time going happy purchase,1,Long,1
kindle fire performs well movies tv reading ebooks however bought kindle fire primarily browse internet completely utterly fails reading line column results multiple errors saying tab responding basically silk browser unusable,1,Medium,0
great product runs smoothly amazon apps products,1,Short,1
con ads freezes every badi like,1,Short,1
fire hd amazing everything works great one thing could understand even though written memory gb opened storage showed less gb free space rest awesome delivery really really fast two days thank,1,Medium,1
first tablet ive far everything ive needed love kindle apps along applications go easy use also,1,Short,1
would probably give start however havent long enough understand everything kindle fire,1,Short,1
love fire tablet user friendly best deal price also,1,Short,1
loving product far,1,Short,1
used kindle short time make th kindle familygot sale wanted gb grandson got old one one happy boy use camera battery seems drain faster old one,1,Medium,1
son likes speed size screen storage says start glitch sends back home screen sometimes,1,Short,1
met expectations little disappointed apps way sync devices,1,Short,1
brought two find doesnt apps especially main one people use instagram find crazy day age able access recent apps unfortunately wont purchasing kindles il resort apple samsung tablet otherwise battery life game usage good give stars,1,Medium,1
nice tablet,1,Short,1
expected book selection great reading sure beats trying read small cell phone colors fantastic,1,Short,1
trouble moving around help section wasnt much help problems dont know call get information old kindle much easier figure book put collection stays books page many books dont know read ones havent checked arent go one see read time consuming annoying,1,Medium,0
enjoying much,1,Short,1
disappointing battery life manual,1,Short,0
works expected fast easy view,1,Short,1
love seems lighter brighter color,1,Short,1
love new firehd exactly one year later quit wont turn fully charged least plugged kindle charger hours im really sure wont turn,1,Medium,1
took little get used features made many phone calls technical help health necessarily helpful complaint make units gadget fine,1,Short,1
much enjoy new kindle version tablet need well use site walks work external camera evermore make easy record movies look great,1,Medium,1
works expected camera isnt good,1,Short,1
still getting used,1,Short,1
best ever love,1,Short,1
best birthday gift ever really enjoy,1,Short,1
everything wanted,1,Short,1
bought couple christmas good sturdy even dropped several times,1,Short,1
looks cheap feels cheap worth priced amazon better friend chinese tablet thats even branded works feels looks better,1,Short,0
new kindle sure surpasses first one everything instantaneous,1,Short,1
bought husband xmas loves wishes hed one long ago great traveling home large enough screen books videos,1,Short,1
first tablet really like still learning new things every day,1,Short,1
good purchase works great described arrived excellent condition delivery good fast,1,Short,1
love hd fire took second set wifi fast connections wish could get td bank mobile depositing though,1,Short,1
great hd quality,1,Short,1
works well issues,1,Short,1
really enjoy hd fire real issue lack apps youtube vudu clash clans marvel letdown,0,Short,1
asus frankly heads shoulders quarter price,1,Short,1
love works great things biggest complaint limited availability apps many apps want use app store like apps available everywhere else available kindle actually ridiculous,1,Medium,0
functional unit accept frustrations may solely lay need learn tablet however forcing owner stuck advertisements sleep screen initial screen entirely unacceptable unless removed feature amazon tablet least fire ever buy realized look sooner would bought otherwise seems functional enough,1,Medium,0
works pretty well bad external sd card capability,1,Short,1
bought boyfriends aunt loves shes years old reads lot original thought using turns large fonts super easy use adores camera well take pics family easily view much easier traditional digital camera,0,Medium,1
go son birthday everything hoped little frustrating trying find settings instructions clear,1,Short,1
stars absolutely lovethis kindle couldnt designed personal tablet everything need theres thing would chage great pic quality thank,1,Short,1
kidfriendly well organized perfect addition familys tablet collection battery life stellar love way set accounts child set time limits fire value,1,Medium,1
best thing ever,1,Short,1
great excellent,1,Short,1
ipan died apparent reason switched due price size still adapting unit,1,Short,1
far great got daughter special needs problem using,1,Short,1
loved kindle newest fantastic,1,Short,1
excellent tablet met wants needs wish available gb,1,Short,1
great tablet price processing power ipad functional tablet someone wants great reader primary tablet functions browsing internet downloading apps overall pleased,1,Medium,1
like front rear camera great disappointed able read epub,1,Short,1
great tablet child,1,Short,1
wonderful product,1,Short,1
way expected updated user friendly older fire size good far able navigate without trouble,1,Short,1
love kindle fire giving gift,1,Short,1
good dont expect much cheap device problems performance likely due low ram instance videos facebook always skip last seconds reloaded watch beginning certain websites become unoperable like posting blog using cut paste memory gets overwhelmed said wish screen larger cant imagine memory upgrade looked optional filled remainder gb programs books week bought bluetooth keyboard everything bought rd party version integrated case,1,Long,1
fire great like options available,1,Short,1
fourth kindle love size regret days bought went sale lot less,1,Short,1
far goodhave long,1,Short,1
th kindle purchased amazon gotten several family members plus well worth money connect internet really well lots apps get free small price read books play games search web take pictures watch movies tv shows check facebook would recommend kindle fires thing would like see able adobe flash player sometimes cant play videos posted facebook drawback,1,Long,1
great reading apps want enjoy,1,Short,1
perfect year old make sure purchase amazon prime get full experience,1,Short,1
everything expected great upgrade st generation kindle everything transferred new one fine,1,Short,1
daughters one used much got one birthday love,1,Short,1
best fire yet,1,Short,1
wouldnt mind another one love,1,Short,1
love far,1,Short,1
great tablet price,1,Short,1
cute compact great carry main problem battery life uses much quickly,1,Short,0
great product,1,Short,1
love volume control side dont turn kindle,1,Short,1
happy far purchase makes reading much easier go web browser isnt great mainly got read watch movies great sound nice,1,Short,1
great traveling,0,Short,1
yep rugged,1,Short,1
great piece equipment affordable price,1,Short,1
great tablet camera work cannot find instructions anywhere,0,Short,1
use everything need,1,Short,1
like reading area much dont like able read outside even screen protectorpurchased separatelythere much glare cannot read sun tried multiple settings font size color background nope none work wanted reading device say really like ads screen open hate shopping basket first thing carousel comes time even though remove carousel variety things automatically added carousel randomly like camera whatever kindle paperwhite could read one outside great battery life one cannot make day reading without charge traveled yet sure make cannot address functions never used overall bit disappointing,1,Long,0
cant ask better affordable tablet,1,Short,1
excellent value usefulness price wish glare free bright sunlight manage well enough satisfy plenty bells whistles functionality abundant fairly easy pick online user manual joke thank goodness forum theyll definitely give answer youre looking,1,Medium,1
ive fought tablet long finally decided go amazon fire took long great join kindle amazon music web browsing playing one device screen clear device easy use great price always topnotch customer service amazon,0,Medium,1
fantastic way beyond expectations wonderful product,1,Short,1
best purchase ever talked getting,1,Short,1
really enjoy fire hd lets everything need im still getting used customizing functions works really well,1,Short,1
apps store hard operate able use since bought lying useless home,1,Short,0
works great good quality described,1,Short,1
speed device ease use make kindle fire hd one best purchases made price tablet amazingly affordable considering high quality would recommend anyone,0,Medium,1
happy kindle,1,Short,1
great read german novel run word know need highlight get definition,1,Short,1
everything need tablet,1,Short,1
great tablet recommend investing bit hdx memory worth longterm,1,Short,0
love mini computer much easy lightweight would recommend one,0,Short,1
far good replaced st gen kindle stopped taking charge every time,1,Short,1
apps crash constantly even though keep carousel clear restart device regular basis certain apps cant download like instagram positive side display beautiful love reading books games run pretty well also crash annoying,1,Medium,0
bough girlfriend always saying wished something bigger phone big xoom works perfectly fast tried screen really bright clear alsys loved amazon products first kind like would buy looking bigger screen would buy without question size looking good product,1,Medium,1
easytouse however would preferred hard copy manuel could read set info setup kindle fire,1,Short,1
love easy useclear bright screen love read love fire,1,Short,1
happy new kindle fire except one issue able access favorite games pogocom,1,Short,1
charge happy tablet seems block charging cord defectivei using borrower block,1,Short,1
perfect sitting favorite chair movies music games internet books even runs printer without stir mention fabulous apps amazon app store wish could tell improve lost words matter laptop pc getting mighty lonely without doubt one best things ever,1,Medium,1
excelent tablet nice design performance price,1,Short,1
love itmy nd one love bothno problemseasier handlemy wife nonono big heavy take kindle dayi anything doand faster ty john,1,Short,1
tablet needed inch tablet find inch tablet big able download apps wanted tablet kindel one doctors office either surf net read many books,1,Medium,1
rd kindle im pleased,1,Short,1
cant say enough great things device kids absolutely ove thing price get rather spend game system another per game access hundreds games apps freemany educational perfect kids convenient trips times kids sit around waiting otherwise always asking play games phone love,1,Medium,1
love hard time putting,1,Short,1
battery consumption bit expected weighs much kindle paperwhite replaces,1,Short,1
awesome love,1,Short,1
like previous version kindle fire much one even though socalled tablet find hard navigate also done reading close cover shuts completely requiring restart every time hassle last night couldnt even get turn plugged electric outlet minutes even though battery indicate since really use read ebooks bought version want something use check email surf net keep social media version may ok like want ereader stick earlier version much easier navigate read think wasted money one diligent reading others comments spent money im planning giving one away returning previous kindle version much easier eyes,1,Long,0
enjoyed new fire much easy update everything wanted old kindle,1,Short,1
love new toy thats call thing im mad cant read google plays books guess ill buy books kindle offers,1,Short,1
gave two kindles grandchildren ages l love getting lots use love watch movies bored also take photos trips tana calaba,1,Short,1
fast excellent grsphics outstanding performance great little tablet meets needs,1,Short,1
great product year old downfall cant download apps google play,1,Short,1
greattaking time many new items feel sure im familiar w much easier far im pleased,1,Short,1
lots features love cameras,1,Short,1
great product wish done years ago,1,Short,1
wife loves using old kindle fire took awhile get use loves,1,Short,1
love quality sound picture even better last kindle,1,Short,1
love perfect size read,1,Short,1
great tablet especially prime membership love,1,Short,1
nice easy navigate would get five stars preponderance ads difficulty accessing apps amazon competitors eg nook,1,Short,1
third kindle love everything want easy carry,1,Short,1
love new kindle fire,1,Short,1
extremely pleased kindle fire hd expect use mostly reading pleased wellintegrated webbrowsing like availability apps device however photography apps would interest severely hampered mp camera built unit happy new kindle expect get much use old kindle years old,1,Medium,1
im disappointed almost use product unless pay buy something theres small selection free reference books older books lapsed copyrights dont want pay amazon prime account year books pretty much useful email long wifi connection also displays ads whenever turned battery life poor,1,Medium,0
fine slow times,1,Short,0
excellent picture,1,Short,1
love kindle fire,1,Short,1
second fire everything want easy use understand love,1,Short,1
old kindle old ipad kindle fire thrilled easy adapt love size weight,1,Short,1
may forget phone kindle always screen amazing,0,Short,1
little practice computers fun geetting started washington post suprise,1,Short,1
husband loves,1,Short,1
know couldnt get google apps apps kindle would purchased something different download amazon kindle allows paid apps find couldnt used opened feud amazon kindle google cannot get refunded paid apps disappointed purchase,1,Medium,0
first ordered item without ads came ads called customer service customer service rep spoke total btch tried explain frustration didnt want see ads every time open thing paid see ads interrupted argued entire conversation finally get aggressive shut shed listen got even nastier unbelievable end conversation asked repeat name wouldnt give finally said lets start im susan said name kayla well kayla completely totally suck customer service never remove ads item spent extra absolutely nothing quality tablet issue though way small really useful size amazon customer service issue horrible horrible horrible,1,Long,0
impressed w readability especially eyes get older,1,Short,1
love thank wish came case well,1,Short,1
love kindle watch amazon instant videos get closed captioning easily,1,Short,1
awesome device,1,Short,1
heavenly product,1,Short,1
daughter saved bought money loves,1,Short,1
using kindle since first day complaint doesnt bring earphones perfect screen image beautiful great quality easy use perfect read anything,1,Short,1
theres need lengthy detailed review since id simply repeat stuff youve already read reviews tablet fast looks great feels durable downside app selection compared googles play store kindle would support play store tablets would unbeatable every facet,1,Medium,1
got yr old grand daughter loves like use fast web pictures clear actually watch movie first opened set never lagged messed way,1,Medium,1
love kindles color bright great price compared tablets works need games reading,1,Short,1
havent problem yet third one,1,Short,1
amazon apps store terrible,1,Short,0
kindle fire hd welldesigned tablet userfriendly features yet fully investigate gripes usually glitches certain apps inconsistent weak wifi im usually using night reading etc router replaced far end house unexpected surprise fathers day,1,Medium,1
kindle stolen called amazon within two days new one service,1,Short,1
absolutely love kindle using,1,Short,1
works expertise pick great battery life,1,Short,1
best tablet ever says yr old,1,Short,1
annoying advertisements every time opened often requires research learn component inefficient organization compared laptop sometimes says must wipe memory boot boots correctly multiple attempts restart volume sets zero unexpectedly,1,Medium,0
love ive watching movies reading books vacation also checking emails im happy purchase thanks,0,Short,1
gift happy except needing sort training manual person bought doesnt time teach trial error senior citizen,1,Short,1
like feel easy print documents,1,Short,1
husband purchased first kindle came market worked well several years battery decided wouldnt hold charge purchased kindle fire replacement consistent pain shut battery reached reserve start run reach reserve finally run battery done things tech department told course time called numerous times warranty stuck kindle barely functional received email customer service days review posted ask contact kindle support results call sending new kindle since time left warranty hopefully replacement hold charge better current kindle,0,Long,1
sorry purchased needed replacement nd generation kindle told books games would transfer since found true books games,1,Short,0
still learning great application,1,Short,1
definitely like daughters ipad mini better,0,Short,0
love screen big enough clear see love amazon delivery seem like order right,1,Short,1
disappointed th kindle loved except one kindle hold charge hours additional power cord long enough needs lease feet feet,1,Short,0
gift granddaughter enjoys reading continue encourage reading excitement air unwrapped gift thank,0,Short,1
fine kids seem like im spoiled way ipad works payed kindle get job done streaming videos kids big thing like said bought,1,Medium,1
didnt realize wouldnt able use product airplane tried download apps gb doesnt enough storage great home use,1,Short,0
like size kindle n pictures takes r good,1,Short,1
love kindle fire one works great say one previously bought year old died tried everything could find internet get started nothing download books amazon apps dont play games died going try bring somewhere looked could exist without kindle bought new one happens probably look different brand tablet,1,Medium,1
read product buying wish id heeded warning battery longevity meaning none cant believe fast battery goes long takes charge old kindle workhorse compared one would buy id shop around work yes battery always dead good,1,Medium,0
firehd tablet easy use fast enough meet needsi please,1,Short,1
return work properly,1,Short,0
great reading checking social media playing games pass time easy enough small children use well,1,Short,1
doesnt set yet loves,1,Short,1
got gift mom loves camera,1,Short,1
fourth kindlei bought one grandson love,1,Short,1
good lack google play store limits applications amazon apps store app wanted f diesel obdii torque pro resides google play cant amazon google play nice together please happy tablet otherwise great price product would like see upgrade second screen compatible samsung smart tvs limiting,1,Medium,0
fire hd nice electronic pad definite improvement original fire really enjoy upgrade,1,Short,1
name charles use fire like much still learning use,1,Short,0
fathers day gift well received dad loves watch tv movies cant wait football season,1,Short,1
great wish glte capabilities easy read beach wish storage well,1,Short,1
enjoyed far graphics great found aps meet needs one disappointment ads distracting annoying,1,Short,1
great tablet wish would mirror like hdx,1,Short,1
love fire hd love everything reading listening music watching movies playing games easy use navigate beautiful color display playing games watching movies also love kindle free time option kids great product would recommend anyone,1,Medium,1
great store service product first time purchasing mom say im impress purchase great price gifts,0,Short,1
love love,1,Short,1
really nice easy use definitely worth money,0,Short,1
love kindle fire hd hate adds amazing deal love lightweight,1,Short,0
good tablet couldnt view photos backed cloud unless connected wifi,1,Short,1
older kindle hd figured kindle would similar really liked updated format screen layout option start screen icons carousel kindle new features like firefly settings individual users kindle nice clear pictures easy use,1,Medium,1
gift mom loved,1,Short,1
love kindle fact ties amazon products free purchased one place simple use even uninitiated computerphob highly recommended,1,Short,1
glad purchased extended warranty original kindle sucked one much better camera still wish came paper users manual depends much wifi connection single mom often choose needs wants kindle originally purchased daughter use public virtual school,1,Medium,1
used weeks say im really pleased build quality performance problems ive realized storage space limitations apps installed wife thought gb space would enough weve come realize enough entirely cloudcentric without sd slot fire fills quickly apps theres room copy movies fro road trips went put google hangouts fire daughter could im day without rooting using wonky sideloading method theres way install hangouts apps amazonproprietary flavor android take little getting used ok,1,Long,1
good product fast response,1,Short,1
love new camera feature rotates disappointed though battery life strong kindles battery last day even used normal possibly defect,1,Short,0
many unwanted items show beneath carasel wish would constantly go interested routine remove pain,1,Short,1
reason giving item five stars two reasons battery drains little quickly id like numerous apps cant download yelp instagram fandango,1,Short,1
ok new using kindle wish came link describing use device read books watch tv shows view movies without jumping financial commitment one thing know find disappointing comes wrong case case covers camera lens able purchase correct case tablet know correct csse exists took searching effort put locating correct case kindle come preloaded amazon advertising love fact android uses charging equipment devices,1,Long,0
totally love notebook trying two ones returning finally buying fire hd completely satisfied fire hd,1,Short,1
slow constantly shuts asks need pages restored losses connectioni hate itnever,1,Short,0
cant make work,1,Short,0
second one good product,1,Short,1
installed one day seem better fit balogistic case brands ive used,1,Short,1
wish os fire worked apps like android phone,1,Short,1
hardware may right lack detailed users guide bummer,1,Short,0
kindle fire great however registered noticed said bettys kindle already bettys kindle cause problems,1,Short,1
fine piece technology,1,Short,1
love kindles upgrading one best move yet,1,Short,1
love fire hd use test apps,0,Short,1
wish battery life longer kindle fire excellent device met expectations,1,Short,1
really like battery recharged daily,1,Short,1
like new kindle fire soon email devise perfect,1,Short,1
expected returned,1,Short,0
havent problems works well,1,Short,1
several devices laptops cell phones ipads pcs servers etc kindle far fav new gen muuuuuch better previous years freeze lag random reboots sleeker decent nice camera finally great pics dont pics phone transfer using apps far happy arent high tech proficient tablet like ipad samsung reader watching got streaming works well would get better selection kindle ulimited books id happy clam,1,Long,1
sucks touch screen,1,Short,0
purchased specified model special offers,1,Short,0
battery dies use screen responsive hope device gets warm used long period camera terrible shipped fast ahead schedule,1,Short,0
im irritated amazon charges prevent lock screen consisting ads didnt pay wish ads really annoying ill keep think wouldve happier overall different type android tablet,1,Medium,0
far really like wish could also get google play apps could change background lock screen pictures really complaints yet,1,Short,1
alright way many advertisements though mean already bought thing amazon prime much want also programs keep crashing theres nothing else open,0,Medium,0
nice clear screen working smoothly havent done lot online browsing yet cant comment complaint battery needs charged daily device left read hours old simple kindle literally went weeks without needing charge,1,Medium,1
far good sometimes responsive well enough,1,Short,1
enjoying much,1,Short,1
hd new one supposed gb memory shows gb files include os gb free gb isnt even close hope amazon cloud storage really unlimited need,1,Medium,0
husband loves,1,Short,1
performs expected,1,Short,1
dont need buy expensive tablet exactly need amazing battery life recommend kindle everyone wish app store choose shipped incredibly quickly,1,Short,1
cant retrieve pictures posted web free,1,Short,0
get special offers fathers day disappointing could watch movie try unlimited books called customer service said fixed problem seems kindle buy one someone else pay person get special offers,1,Medium,0
perfect third one one gets better,1,Short,1
love met expectations,1,Short,1
love faster old dose lot moreim timeless,1,Short,1
first gen kindle fire size theven screen quality amazing love compact easy take anywhere definitely great buy,1,Short,1
love fire hdi love much given one best friend daughter sister birthdays grandson christmas thrilled,1,Short,1
better expected happy bought,1,Short,1
works well old one still replaced staples service contact never good never shop syaples much trouble expence local staples,1,Short,1
really enjoying new kindle far older kindle fire one first impressed improvements made love hd display still havent tried everything get around eventually think great price everything get would recommend anyone considering tablet,1,Medium,1
wish bought higher grade memory,1,Short,0
wish bigger everything expected nice resolution quick process speed,1,Short,1
kinda thick wife kindle fire hd sleek smooth rounded edges feels really nice hands one chunky quite bit thicker model years ago doesnt feel great hands however runs smooth speakers great dont complaints ergonomics model also using facebook listening music time music fade scroll posts also videos dont play automatically posts like tablets ive used play second freeze yellow dope,1,Long,1
kindle fire nice put sure didnt get special offers lied one,0,Short,1
bought wife mothers day absolutely loves,1,Short,1
item gift wife absolutely loves uses daily excellent purchase excellent item,1,Short,1
paperwhite kindle enjoy much thought id get color kindle looking magazines wish gotten one g miss ability shop books whenever reflection kindles performance g gives one choices,1,Medium,0
love kindle two wife two six year old one right size great pictures moviesexcellent sound system nice pricing,1,Short,1
freezes quite bit shut,1,Short,1
great reading netflixing pinterest good emailing taking pictures browsing internet wish charged faster allowed google apps gmail chrome hangouts,1,Short,1
perfect birthday gift sweet year old,1,Short,1
fantastic thoroughly enjoying new kindle fire hd,1,Short,1
love love features,1,Short,1
bought year old nontechie mom simple coaching loves soooo userfriendly amazon staff amazing,1,Short,1
getting far good love,1,Short,1
kindle fine except one thing camera take good pictures grainy returned credit handled return nicely thanks,1,Short,0
get google apps delete apps well,1,Short,1
everything hoped dealing repeated issues effecting ipad several years refreshing change working device performs promised fire hd enabled access digital content perfectly sized package bravo,1,Medium,1
tablet awful ive experience quite tablets nd worst ive laid hands dumbed cant even choose wallpaper lock wallpaper pay get rid ads see every time turn needs whole carousel full recently used apps ordered mother name brand hoped would come android os luck even someone like experienced electronics tablet really confusing theres also bunch apps dell difference os cant downloaded onto kindle spend extra dollars get different tablet youll glad one dell venue simple use pretty much hate dell table easy heck use kindle much,1,Long,0
nice portable size miss sizing font fingers like apple switch every seconds like ipod works great sounds good,1,Short,1
great gift husband seems dazzled,1,Short,1
love course,1,Short,1
enjoying device,1,Short,1
like grandson loves,1,Short,1
purchase fire hd local navy exchange months ago love fact wife grabs every chance get likes better samsung tablet,1,Short,1
love quick response time wonderful picture,1,Short,1
love goes every,1,Short,1
lost kindle flood love replacement much lighter original,1,Short,1
much easier carry laptop like fact sig ins arent needed every time go page,1,Short,1
everything need one little package,1,Short,1
beautiful piece love kindle,1,Short,1
good ipad thicker heavier display amazing use manly reading books magazines business purposes still think ipad better,1,Short,0
everything place phone calls,1,Short,1
really easy use,1,Short,1
browser crashesa lot seems ok,1,Short,0
love bought one sooner bought two hot price chance,1,Short,1
hold charge freezes playing games downloading,1,Short,1
price right,1,Short,1
wasnt expecting like tablet much great video streaming loud speakers crisp volume bright hq screen really phenomenal tablet price,1,Short,1
wow bought one wife believe loves shed never admit face buried whenever free minute think loves,1,Short,1
light weight versatile easy set use love,1,Short,1
got daughters birthday absolutely loves,1,Short,1
awesome clear display fast heck boot needs sd slot usb port,0,Short,1
ive owned used expensive tablets including full size ipad pureandroid nexus getting macbook need tablet diminished substantially except one area reading books magazines documents fire hd price point turned right job access kindle library wired subscription national newspaper choice fire also allows check email follow favorite blogs mention listen amazon music collection podcasts processor doesnt lag hd screen looks great whether im looking text photos havent used video yet much stuff cloud g storage issue,0,Long,1
love new kindle fire old one one first ones came years ago lighted background wondeful print easy eyes hate throw old one away died thank kindle sandy,1,Medium,0
difficult time finding way around im tech savy person would preferred kind written directions get started,1,Short,0
clear nce handy case,1,Short,1
love kindle named one kindle fire still use st kindle fire ive divided books things kindles kindle camera first kindle daughter gave since knows love read lot,1,Medium,1
everything need tablet awesome camera grandchildren love downloading games,1,Short,1
great lil tablet,1,Short,1
excellant tablet love front rear cameras kindle fire hdx tablets cant understand dont front rear cameras great feature,1,Short,1
good battery seems stable charged leave without using day want use found battery drop acceptable also felt annoyed advertisement every time open due reasons returned couple days,0,Medium,0
amend review certain books difficult navigate thank person commented made look give screen sensitive might go stylus,1,Short,1
love kindle prime many freebies,1,Short,1
love purple,1,Short,1
love kindle fire hd except face able put hoopla app pad wish would know ordering library card hoping take advantage free stuff hoopla offer says download app fire hdx oh well live learn,0,Medium,1
far really good tablet,1,Short,1
enjoying much,1,Short,1
easy read need work learning use,1,Short,1
purchased christmas present husband absolutely thrilled ease world hand isnt huge reader working nice many different things fire ordered one original fire excited upgrade,1,Medium,1
love use reading watching netflix playing games,0,Short,1
havent figured specifics kindle seems good value money,1,Short,1
seems work good price right,1,Short,1
several kindles happy last one fire hd ended returning newest one like seeing ads every time logged rather screen saver way disable ads ended samsung kindle software interestingly dont deal ads samsung functionality price also im able adjust screen lighting read even bright sunlight experiencing problems fire hd past told buy kindle paperwhite addition kindle fire hd time,1,Long,0
drama fever app available battery life terrible system crashed repeatedly screen mind bought replacement older kindle near earlier quality return unit hope better luck replacement,1,Medium,0
drop thesethey cant handle fall heightmuch less fall stairs like commercial,1,Short,0
okay gone back,0,Short,1
thing absolutely sucks bought special kid whos birthday today worst hardest run electronic ive ever owned hate thing piece junk save money get ipad,1,Medium,0
im learning use new fire hd far love,1,Short,1
love fire hd love games pleased games connected facebook facebook quite awhile people foul mouths bad manners resigned intention going love playing spades plus cant properly join facebook love bingo lot others put back forget facebook needs quidlines even games foul mouth replys approve participate keep download items,1,Medium,1
delivered quickly works great father loved plan buy,1,Short,1
works great things use youtube games battery pretty good,1,Short,1
reason didnt give stars doesnt seem turn easily hold button longer feel normal usb cord comes needs longer otherwise really like several features previous kindle fire hd didnt books nice easy way put collections also like editing features camera many nice editing tools slightly disappointed one games wont play kindle though dont think thats amazon issue though happy purchase th kindle purchase wouldnt buy anything else service department amazing hours day,1,Long,1
bought use car daughter traveling download lot prime shows watch life saver last road trip,1,Short,1
certainly great initial kindle many new features stink,1,Short,0
definitely ipadbut price need ereader internet gamesworth lower price tag,1,Short,0
like much,1,Short,1
absolutely love,1,Short,1
perfect needs works great amazon shoppingreadingchecking email gameslove,1,Short,1
granddaughter loves love want volume great everything comes fast search color great buying grandson one next,0,Short,1
love kindle fire,1,Short,1
wanted stream videos sound choppy buffers lot different brand runs good impressed fire,1,Short,0
pleased purchase use tablet infrequently maybe xweek figure new technology better year old mom still takes awhile quite intuitive seem bit slow compared phone also seem issues putting digital copies books old defunct tablet onto annoying middle book would like finish reading however could easily user error easy use price right sale,1,Long,1
kinlde great,1,Short,1
bought autistic son perfect carousel style app display really makes easy hom,1,Short,1
far good step previous kindle love take pictures videos much storage space games,1,Short,1
third kindle fire really like color bright pretty pink unfortunately gb doesnt hold much like play games like play point click adventure games cant two downloaded books time really great gaming said really wanted kindle reading last two kindles kind died stopped charging holding charge new charging cord would fix surgery wanted something could use went sale probably keep occasional point click games go ahead buy paperwhite reading great really good easy use daughter probably using,1,Long,0
texas holdem little slow,1,Short,1
th fire ordered one mom love perfect easy use immediately love front back cameras screen graphics awesome happy another great product,1,Medium,1
really like fire hd beautiful product folder another thing made left handed person right handed cut space connect head phones charge,1,Medium,1
feel need much help using article provided im sure getting use full potential however wife uses read nora roberts books seems using time guess shes happy,1,Medium,1
im still exploring options far thrilled fire hd,1,Short,1
love fire hd something light carry around,1,Short,1
overall like seem chew battery life fairly quickly,1,Short,0
excellent kindle hd awesome graphics quality perfect,1,Short,1
best upgrade ever,1,Short,1
great device ease use portability,1,Short,1
love kindle fire,1,Short,1
display sharp rusing device easy useeally enjoy,1,Short,1
happy new fire hd,1,Short,1
bought two others grand kids set wow difference older kindle fire like cameras one front one back everything quality max compared samsung night day go kindle dont go letting grand kids use older kindle love getting th generation send grandpa loving heaven know enjoy immensely,1,Medium,1
love kindle great size fast delivery,1,Short,1
love new fire hd hd display wifi gb met expectations bragged much good friend ordered one like photos fire takes spectacular quality great cant brag enough,1,Medium,1
oh great love,1,Short,1
though would like,1,Short,1
bought fire hd take upcoming trip alaska ipadbut neck issues wanted something smaller lighter carry far good easy figure well way enjoying use,1,Medium,1
thought puchased fire hd came free prime year must mistaken bought said one month free trial im supposed get free year im sure amazon fix like fire hd much,1,Medium,1
like fire hdit greati like screen keyboard right size,1,Short,1
kindle fire lovedit lasted years completely died got one replace wish hadnt hold charge even sleep mode went bed last nightput sleep mode hit power button hours later rediculous used last one days needing charge one last long used use alarm clock guess thats unless keep charged times,1,Medium,0
gift year old loved,1,Short,1
wonderful little device,1,Short,1
sons school got graduation gift say works great wonderful app complaints part,1,Short,1
excellent tablet reasonable price,1,Short,1
really like kindle fire hd looking forward learning,1,Short,1
sister loves,1,Short,1
great tabletdoes everything need,1,Short,1
awesome love kindle fire,1,Short,1
love kindle graphics resolution wonderful tablet fits lifestyle well,1,Short,1
bought love parental controls nice tablet,1,Short,1
good machine,1,Short,1
wow ipad like better much better display sound able download movies play plane great well,1,Short,1
perfect gift little cousin,1,Short,1
great little tablet good games books beach,1,Short,1
one earliest users kindle like read books periodicals kindle get bed night first one amazon came true workhorse one might called paperwhite controls sides night going vacation dropped bathroom floor screen problems unit repairable longer warranty waited saw unit sale sixty dollars free shipping new unit jumped took advantage one day sale much sophisticated unit previous models pictures amazing love fact uses standard type charger blackberries also fits custom made case someone made older unit got great value great machine,1,Long,1
love new kindle fire great lighted enjoying new features,1,Short,1
crashed confusing use small slow,0,Short,0
excellent deal good product,1,Short,1
bible everywhere go,1,Short,1
works expected gives wife bigger screen phone,1,Short,1
love kindle seven fire easy use lightweight compact,1,Short,1
love tablet light weight easy hold love reading books easier see book,1,Short,1
easy use fast speed cant beat ereader wish youtube app little tablet ready rather web browser look,0,Short,1
love versatility dependability kindle fire,1,Short,1
got fiancee loves still reading paper books enjoys watching shows playing games happy item,0,Short,1
still getting used cant wait read ebook gift far good,1,Short,1
love fiream still learning use thing would like see amazon put gorilla glass cover shows every print touch complaints read indicate break easily moto g phone new glass perfect,1,Medium,1
grandson loves needs instructions,1,Short,0
missus loves tablet daily glad uses,1,Short,1
like ads could get past interuption,1,Short,0
really like new featurescamera videos,1,Short,1
get order,1,Short,1
downloaded games kept earnings time good also go way levels games get second kindle first quit go games like kindle much,1,Medium,1
bought one years back yo held well bought another one recently yo awesome use educational apps help build skills like reading sight words etc fulfill educational requirement us play games fun im trying get interested reading ebooks enjoy real books also let view netflix sometimes kindles love able pick want parental controls great felt better choice getting kid version since monitor use electronics anyway love kindles much helps motivate good choices behavior times,1,Long,1
special offers called banner adds extremely misleading pay another get rid annoying adds also heavy dependence cloud downloading apps issue connected time everyone internet also want take fire road trip use close wifi please improve documentation installing games apps internal storage device,1,Medium,0
good size good display,1,Short,1
love first generation one upgraded much clearer didnt even realize wasnt clear lighter love,0,Short,1
got friend really loves,1,Short,1
awesome much still learning,1,Short,1
love firewould buy another neede,1,Short,1
better ipad,1,Short,1
great tablet every bit good ipad priced due silly logo fantastic picture durable easily worth twice much,1,Short,1
fire hd son take back samsung tablet mistake made took samsung back got fire hd back happy waste samsung slow play games like play,1,Medium,1
wife loves new kindle one previously eventually charger port wore still liked well wanted another think organizes things well makes easy read books build quality good screen looks great fast hopefully charger port problem fixed,0,Medium,1
first kindle fire purchased new version updated features extremely disappointed storage space limited cant store apps books audio books fb etc without clearing everything old kindle holds much problem cant one audio book loaded without deleting everything else including apps facebook web something wrong dont waste money stick original kindle fire,1,Long,0
love kindle fire,1,Short,1
really like anything kindle hot pink color great anything much fun,1,Short,1
look feel fire excellent also really like size big enough great viewing experience still small enough fit comfortably hands,1,Short,1
love new kindle,1,Short,1
like wish could control ads many needed,1,Short,1
love fact started part instead smart phone extent laptop unless use windows apps thing wish got larger memory,1,Short,1
love using every chance get computer mp player personal dvd player one,1,Short,1
excellent color,1,Short,1
love replaces st kindle blackwhite light,1,Short,1
im pleased fire hd first tablet great,1,Short,1
lost kid world electronic,1,Short,1
wanted put stars allowed first kindle bought ok use six days backlight went commission fortunately insurance unfortunately best buy refused honor insurance fix device also rudely informed sale would able replace faulty device price would like enjoyed quad core processor since everything faster smoother however expect better experience new one since current fire hd par despite years older hd,0,Long,0
easy set use clear readable screen plan buy two family members,1,Short,1
kids love tablet,1,Short,1
reason apps turned generic icon tried restart refresh didnt work insanely easy purchase year old showed decent looking screen os needs work opinion months tablet power anymore,1,Medium,0
takes long charge cant plug continue use charges button bright color find easier okay,1,Short,0
much opportunity yet play around kindle used happy biggest drawback fact high gloss screen really terrible fingerprints would definitely recommend antiglare protector otherwise operation smooth playing games well reading vehicle changing lighting camera takes really crisp pictures weighs bit expecting believe still easier hands holding hardback book since lay flat prop either case tablet pillow like bookmark feature well since plan massive reading near future large books used features yet cloud storage silk browser planned use time purchase primarily ereader device play games traveling,1,Long,1
fire great battery life could lot better,1,Short,1
good device good price gb small considering games take lot space,1,Short,1
think like overall good times playing solitare screen frozen cards move cant undo close kindle repower app book gen gen never,1,Medium,1
bought mom mothers day loves,1,Short,1
simpler model,1,Short,1
kindle fire three years longer worked purchased fire love easier enlarge pages information,1,Short,1
great productits simple usedownload apps etc love kindleno complaints,1,Short,1
whats love saw sale price fire hd decided order video movie clarity quality top notch ordered gb model use tablet primarily reading listening music love kindle products keep getting better better,0,Medium,1
enjoy device use daily complaints,1,Short,1
stated specifically kindle fire hd place camera facing seen top covered switch charging port ideas,1,Short,0
brought year old son loves,1,Short,1
wish tablet takes sd card would give,1,Short,0
love kindle goes everywhere,1,Short,1
bought best buy telling salesman want advertisements getting frequent seemingly first annoyed disappointed nothing package display indicated would getting ads product awful,1,Medium,0
prints better key board easier use previous version great price definitely winner,0,Short,1
hate ads open want date time screen back,1,Short,0
pleased item sale price look forward purchasing another kindle fire hd price ca howard,1,Short,1
great value works perfectly,1,Short,1
great price nice reader like newer features,1,Short,1
good tablet get one one suddenly blacks one almost year hope one issue,1,Short,1
disappointment apps previous kindle fire compatible new device otherwise love,1,Short,0
still yet explore features new device thus far im quite pleased able read books among enjoy benefits prime membership,1,Short,1
good tablet except much glare viewing websites reading emails especially outside otherwise good tablet price,1,Short,1
fire really impressed audio perfect quality high definition bit younger age review necessarily count thanks lot tablet useful quite impressed android os,1,Medium,1
worked fabulously one week turn,1,Short,0
far seems ok im sure lot features thats hope time play soon,1,Short,1
third kindle first one still perfect reading sun especially like feature use fire white lettering black background reading book night new one use day first fire battery went dont know wont even charge enough see anything new one fast doesnt drain battery great emails searches gmes havent used video music dont much two tablets arent nearly nice kindle fire hd glad sale,1,Long,1
constantly freezes never able use much waste money wish id never bought,1,Short,0
love fire hd buy sure buy extended warranty lose sound videos annoying never bought warranty luck replacement,1,Short,1
completely satisfied new kindle fire help one associates able navigate thru kindly easily give associate anne g credit helping two occasions hope congratulate,1,Medium,1
amazon quick boast capabilities immersion reading well kindle freetime dont tell cannot immersion reading free time app way play audible audiobooks free time addition amazon taken away capability remove content device think want kids able listen beverly cleary george r r martin feel like ripped someone usually big fan amazon disgusted,1,Long,0
bought tablet thinking gb storage reality gives rip,1,Short,0
perfect wanted everything granddaughters ipad course im another generation dont need everything im completely satisfied even watch big brother feed lines yepme,1,Medium,1
love everything kindle,1,Short,1
love totally exceeded expectations,1,Short,1
daughter loves,1,Short,1
graphics amazing would consider another gift,1,Short,1
like fire kindle,1,Short,1
like fire phone bigger screen like,1,Short,1
thanks family helping get great tablet,1,Short,1
picture sound great feels good ready use one negative far download android apps amazon store apps amazon store apps want could use memory sd card still good deal price like far,1,Medium,0
excelent tablet,1,Short,1
would helpful book sort directions show use fire directions find frustrating close sending back one people used computer life difficult dummy fire would appreciate knowing thanks gail,1,Medium,0
great birthday present,1,Short,1
color fire hd display better kindle pick color nice,1,Short,1
everything necessary thanks,1,Short,1
fire hd purchased replace much used kindle purchased first came kindle dying worn charging receptacle wife taken new kindle like duck finding june bug loves color screen means additional light needed read read dark get sleep without disturbing nice home wifi means data use atts system small ipadlike tablet reality primarily uses new fire hd read novels kindle real stepup glad purchased,1,Long,1
like lot great picture sound,1,Short,1
read record take pictures videotape search internet fire,1,Short,1
nd kindle liked first love second use almost laptop thank amazon putting second camera feature handy,1,Short,1
th kindle far new hd one working well hope charging port last longer original kindle fire,1,Short,1
husband boughtme first kindle yrs ago got kindle hd year love different first one learning use one definitely different happy,1,Short,1
love far,1,Short,1
terms size perfect needs im still figuring use think im luv,1,Short,1
love tab,1,Short,1
good product money,1,Short,1
love kindle got confused trying figure readarchived books original kindle simple basic still love one though,1,Short,0
great tablet daughter simple easy use price great deal compared tablets based speed usability storage think able use,1,Short,1
bought less months ago used less mins times week dead black screen fully charged battery costumer service said mourn loss nothing dowe products im done kindle told l using kindle app ipad reliable devices,0,Medium,0
screen crystal clear colors sharp true easy use set best electronics purchase ive made recently,1,Short,1
price wonderful feels chunky heavy hands like real book shes reading historicalmystery book right first ebook p,1,Short,1
love great customer care well,1,Short,1
great tablet loads fast perfect size negative pop adds seem appear,1,Short,1
love camera rocksplus video awesome well good job amazon another great kindle thank,1,Short,1
kindle wonderfulvery clear images lightweight enjoying however special offer didnt turn well supposed get free case delivered thirdparty able get worked amazon part disappointing id suggest sticking buying item forgetting rest special offer,1,Medium,1
still learning possibilities far everything want much easier original kindle,1,Short,1
love new features like wiki access able create folders able read book charging last years model could things sure additional features havent seen yet keep exploring,1,Medium,1
device died days quit working returned money back dont want another one ill look getting ipad,0,Short,0
improvement visually previous fire,1,Short,1
beautiful clarity screen wish sent plug charging battery,1,Short,1
love kindle fire easy use larger screen fantastic reading books,1,Short,1
impressed device get serious use,1,Short,1
im return store keeps kicking,1,Short,0
im disappointed productits slow lots advertisement pop upsim sorry bought,0,Short,0
thing missing google apps,1,Short,1
durable great kids fun colors easy use,1,Short,1
works good,1,Short,1
havent one long far really like one first hds wore got one far give big thumbs,1,Short,1
awesome woyld buy expensive ipad kids get much less money stable system skype facebook youtube instagram problem,1,Short,1
advanced still learnig clarity text outstanding,1,Short,1
little awkward handle use fairness problem may first toy guess im slow learner,1,Short,1
great picked left book started kindle hot spots problem though,1,Short,1
im loving new kindle fire especially camera everything one hand phone camera message etc thanks,1,Short,1
love fire hd,1,Short,1
disappointed staff june told fire ordered largest screen available also year old kindle could download daily newspapers without wifi one cannot staff either poorly trained incompetent least sold one comparable features,1,Medium,0
love kindle wore last one buy one night trip new york love camera front back videos pictures great hold still process taking pic otherwise pic distorted video clear carry kindle everywhere son husband version kindle fire kindle touch dont use much fire favorite,1,Medium,1
love fire use every day mostly play games listen music watch videos youtube books works well reader sturdy dropped thing several times accident still works flawlessly small enough fit purse handy traveling great product highly recommend fire,1,Medium,1
fantastic son loves,1,Short,1
nice tablet price yr old loves,1,Short,1
love clarity camera size perfect needs computer necessary,1,Short,1
two kindles let dad borrow one wanted big readers fire perfect read love kindle,1,Short,1
ordered someone else,1,Short,1
love kindle allows access apps sites use easy read,0,Short,1
excellent good camera work good ereader,1,Short,1
pleased modeli much earlier model kindle fire one huge upgrade runs smooth gb space great complaints would highly recommend everyone,1,Short,1
everything say love fire hd thought might render better outside still need mess brightness setting see read pool,1,Short,1
bought anniversary present wife upgrade great products,1,Short,1
somewhat slow,1,Short,0
first e reader wish one years ago best thing ever bought,1,Short,1
got device free school hoping device would storage space cloud crazy pay space enjoy reading style think would cool could switch electronic screen mode original kindle screen mode,1,Medium,0
originally bought kindle fire first generation first came finally broke parted graphics features fire excellent usual affordability makes complete package kindle family amazon way present future keep good work,1,Medium,1
love love love amazon fire glad bought,1,Short,1
little small using regular size tablet works well easy use,1,Short,1
great wonderful,1,Short,1
love buy one,1,Short,1
amazing exactly wanted,1,Short,1
turns fire provides even expectedit also become day plannerand able shop online check emails visit social mediafits nicely bag enjoy quiet reading breaksvery happy,1,Medium,1
son loves charges fast downloads easily uploads easily great,1,Short,1
loved first kindle fire kindle hd great,1,Short,1
easy hold pack love reading books,1,Short,1
much faster previous kindle,1,Short,1
bought year old goddaughter amazing way challenge mind educational gamed books also parental controls excellent ive three brands expensive tablets fire far better value,1,Medium,1
love product nephew spilled sauce first one purchase another,1,Short,1
enjoy lasted last night reading book turned went bed morning turned keep reading didnt go thought battery low plague charge nothing dont know append need buy new hd display replace didnt even last year terrible kindle fire purchase almost three years works great guess need buy anew kindle new hd sure one,1,Long,0
use right hand looking tablet easy handle using online instructions simple set use highly recommended able disabled users,1,Short,1
really love wasnt expecting much reading lot reviews getting tad nervous purchasing bought mostly rent ebooks library read traveling work debating sending back found library went didnt ebook lender capable kindles got card new larger library ive reading like crazy ads arent greatest tad annoying doesnt interfere ability pleasant read experience ads opening screen turn enter password youre looking fancy device apps games would suggest samsung galaxy tablet ipad instead want lot reading browsing library device perfect really love mine need get glass cover wont afraid touch smear definitely get case pen avoid fingerprint smears since get dirty quickly,1,Long,1
little difficult learn use android user whole life finally get hang year old daughter got able learn use really fast run really smoothly built like made go combat zone ipad air also size nothing fire,1,Medium,1
bought mother technically incline showing use times things mean able use kindle still need help older person perfect gift loves makes happy made right choice,1,Medium,0
kindle fire stopped working days froze wouldnt respond amazon customer service outstanding replacing although backordered late july seems like great product limited time im looking forward getting new one bummer get lemon,1,Medium,0
live without love audibles driving long trips,1,Short,1
everything touted thanks,1,Short,1
fantastic product,1,Short,1
improvement sorry replace old one pleased improvements,1,Short,1
extremely unhappy greatly disappointed fire hd less two weeks still functioning expectations feel coerced purchasing new kindle prepared detest way email spam need erased carousel continues disappear reappear discernible reason unable select settings want despite calls amazon attempting configure using amazon web site still issues worst problem however fact entire contact list gone email information import properly one single contact created serious problem considering contacts backed original kindle presume amazon issue frankly unhappy considering returning hd full refund unless amazon repair original kindle charge trouble problems mentioned well,1,Long,0
love clear easy use hours fun great price,0,Short,1
love device would love google play store accessible,1,Short,1
long time kindle user lost fire upgraded new one lot stuff hv fully investigated super disappointed battery life even without wifi dont actually shut battery depleted dsy old fire would several weeks without shutting bc dont use long timewith wifi watch going minutes,1,Medium,1
user friendly easy navigate,1,Short,1
awesomefrom booksto moviesfacebookquality everything expected,1,Short,1
expected perfect,1,Short,1
amazing come apps lists still amazing tenyearold girl love pink one love love,1,Short,1
son loves,1,Short,1
absolutely love display looks great much download books believe stigma kindles use rosetta stone app daily,1,Short,1
lifesaver son whispersync great promoting reading,1,Short,1
love glad got fire,1,Short,1
would like instructions uses,1,Short,0
disappointed quality second screen keeps freezing needless say kids please playing games,1,Short,0
replacing old kindle new one live without,1,Short,1
love new kindle fire hd,1,Short,1
love purchase little money spent filled bundle surprises good picture quality nice sound output sleek look thin yet study casing less every aspects comparison samsung galaxy tab function wise except much less cost glad made right purchase,1,Medium,1
love kindle dont know took long purchase one amazon prime years great purchasing another since son took one lol,1,Short,1
bought mother still learning use,1,Short,1
fun using kindle,1,Short,1
far happy ive busy work inquire real soon,0,Short,0
son loves got great price shipped quickly received days,1,Short,1
love price great,1,Short,1
tablet great granted first tablet use watching movies flying otherwise sits drawer still kind makes amazon cancelling unbox since watching movies would reason id take laptop vacation tablet leave laptop home makes much harder get distracted work im vacation solid works fast gave problems,1,Medium,1
battery life short seems like charge often enemy though changed settings,1,Short,0
kids loved bought two love colors wasnt able download google plus thought android would allow didnt gift cards couldnt used overall happy purchase,1,Medium,1
like want keep,1,Short,1
taking learn use much better instruction manual like graphics amazing looking forward become comfortable,1,Short,1
purchased primarily tablet rather book reader knew ran android operating system thought could use google play store get apps wrong thing uses kindle store apps much limited apps previously android phone loved google play store apps didnt research found purchased couldnt download google play store apps onto device workaround sideloading getting apps trouble worth amazon website proclaims possible little misleading want use amazon app store ended getting ipad mini primary tablet apps already kindle paperwhite love reading ebooks price bad little tablet processor little sluggish compared expensive tablets electronics get pay would good tablet kids,1,Long,0
kindle month randomly shut hasnt turned back done resets everything suggested online,1,Short,0
came advertised writeup excellent condition,1,Short,1
love kindle fire upgraded glad faster better worth upgrade,1,Short,1
love kindle,1,Short,1
nd day use would power full night charging,0,Short,0
im happy new kindle liked last one much ordered another one im tickled new one cameras dont take selfies kindle everything need dependable im happy also citron color easy find love,1,Medium,1
hard use poorly write online instructions get ipad,1,Short,0
like fire problems using books know press side get first part book,1,Short,1
wished one years ago,1,Short,1
fun play easy learn need learn streaming,0,Short,1
great money,0,Short,1
think every generation kindle pleased smooth connectivity fantastic clarity sound cant go wrong one,1,Short,1
get letters large enough legally blind need large letters,1,Short,0
love great crisp display good product value,1,Short,1
excellent star,1,Short,1
turn junk,1,Short,0
love takes great pictures,1,Short,1
poor camera matter umch like ability control childs activities may things parents able control child accountprofile web remotely eg today needed login toy account device control child activity eg changing time limits activities parental controls,1,Medium,1
love fire purchased giftsit nice size easy use works beautifully havent problemsthat really like age technology often exasperating,1,Short,1
fire limited example cant steam live music several large classical music websites cant download apps google play store etc course handles everything amazon well aware limitations would bought get much flexible genetic android tablet price,0,Medium,0
charge night,1,Short,1
third kindle work sent new refurbished kindle replace one extremely disappointed decision old school attitude close account contract sad matter trust buy line longer trust amazon right thing,1,Medium,0
good first generation feels really cheap charger sucks,1,Short,0
works great,1,Short,1
ive kindle fire week still havent discovered features say point completely satisfied complaint users manual might help theres probably document embedded somewhere explains everything havent looked,1,Medium,1
investigate buying kindle fire charging port getting loose wont charge kindle hd fires years gave st kindle away port mess kindle fire hds port problem please tell ports delicate st nd air ipad several iphones never never never issue ports amazon dont lose great reputation,0,Medium,0
greati love,1,Short,1
love new fire hd,1,Short,1
great upgrade kindle st generation glad purchased,1,Short,1
case much heavy,1,Short,0
need space,1,Short,1
easy navigate issues far,1,Short,1
bought dell first hated love one fast easy use,1,Short,1
return enough storage buyers need know although gb gb worth storage,1,Short,0
great tablet,0,Short,1
great tablet first kindle without color tablet way better due light reading color aspect tablet,1,Short,1
far great still alot learn,1,Short,1
user friendly trying load audible book day user guide terriblekey boardawful horrible ithis third kindle offered ipad foolishly rejected went,1,Short,0
good pad,1,Short,1
first one kind ones dont compare pleased,1,Short,1
love front back cameras also like slim design tough already dropped didnt miss beat bummed doesnt mirroring capabilities,1,Short,1
rd kindle fire house great tablet alternative kids also access kindle library well kindle free time set limits much time allow type activity also parental controls link device account require password purchases authorized sneaky downloads,1,Medium,1
first yay camera skype feeling soooo plastic rubber casing easy grip plastic slippery screen also reflectve seems even original ill probably gift first person says looks awesome feels cheap barely half gb useable limited use,1,Medium,0
like first unit failed two months replacement sent magenta instead black,1,Short,0
daughter loves,1,Short,1
third kindle fire find one easier use first giving two star rating battery life lacking kindle charged lot sometimes twice day plus cord comes one short hard use charging,0,Medium,0
first generation kindle fire left hotel room weeks ago forced get new fire absolutely love works similarly old model improved functionality always used kindle fire tablet lost old one never thought purchase ipad tablet im satisfied,1,Medium,1
display nice lacks ambient light sensor auto adjust back lighting free time blocks ability activate plex child accounts google apps available ditching fire nexus superior product opinion plus wireless charging anyone kids knows matter time wear break usb port,1,Medium,0
great clarity lightweight easy access five year old nephew,1,Short,1
really fun,1,Short,1
hard read outside,1,Short,0
fire hd everything really good books,1,Short,1
great gift received quickly thank,1,Short,1
wonderful high definition display versatile multifunctional nearly replaces laptop,1,Short,1
im enjoying much,1,Short,1
husband critical loved fathers day gift muchfire hd part gifts others future,1,Short,1
nice works great,0,Short,1
bought fire hd january months later goes blank nothing showing screen tried press button turn coming try charging nothing happens,1,Short,0
delivery time great love product ive worked another half satisfied fire super,1,Short,1
ive bought two kindles amazon older paperwhite newer fire five years ive replace five times collectively constantly display breaks pixels misfire gaps lines smears appear products experience reliable amazon typically offer refurbished replacement ie isnt new wont specify old comes claim acceptable track record says much otherwise im told via amazon chat oneyear warranty expired spend nearly replace paperwhite whose display became illegible reason joke use tablets constantly line work based experiences kindle devices far far behind rival brands field save money shop elsewhere dont invest product unreliable urge anyone reading review go elsewhere save stress ive,0,Long,0
pretty solid,1,Short,1
kindle incredible resource using weeks safely say changed life live area cell phone coverage ive never gotten smart phone day begins bible reading awesome app followed reading daily bread app time im watching movies listening music reading endless books spent blast playing myriad word games kindle exceeded expectations,1,Medium,1
short time far good,1,Short,1
met expections,1,Short,0
totally impressed quality sound ease usage great product,1,Short,1
love kindle,1,Short,1
second one owned problems shuts intermitintly last one shut good couple days warranty expired think sending one back right away,1,Short,0
fast delivery love,0,Short,1
ive got kindle fire hd display gb th generation one anniversary gifts dear husband reviews says dish tv works hdx true ive downloaded dish anywhere app free amazoncom tadah would also like point color photos kindle collections photos kindle fire hd looks yellowish compare kindle fire st generation first kindle otherwise lighter thinner im able send emails typing foreign languages love,1,Long,1
got time opened wanted negative seems flimsy compared older generation,1,Short,1
like new kindle bit difficulty adjusting books text size number words order read comfortable level,1,Short,1
great product great value use mainly display tutorials working photoshop elements reading one zane grey novel nice would better larger screen color would ok one gets job done,1,Medium,1
pleased tablet taking little get used learning,1,Short,1
really like new fire hd appreciate unlike former fire replaced organize books categories learning curve far think great,1,Short,1
remarkable first purchase type theres nothing compare im happy,1,Short,1
year old loving new kindle,1,Short,0
onoff button located inconvenient spot conflicts straps cover buy obvious way top device,1,Short,0
love kindle fire read ebook outside home may surf web check email watch movies videos listen music anywhere greatest thing,1,Short,1
third kindle loved one got stars order hg would cost basically model maybe im getting frugal age,1,Short,1
bought sons enjoying much problems far,1,Short,1
ive enjoyed kindle fire hd amazon plenty apps choose though expecting used google play store device clean user friendly fairly bug free im still scratching surface device accomplish great investment price,1,Medium,1
second kindle purchased one gb ability take pictures far good still trying understand whole thing great reading books amazon also purchased case fits perfect magenta kindle pink case easy spot ever leave oh gave first one niece loves,1,Medium,1
disapointed th kindle expected great like ones unit connect wifi cant download books ive boughtwatch tv browse internet check email cant anything,1,Medium,0
third kindlevery satisfied one easy set love new camera feature old ones arrived quickly perfect condition thanks amazon great service,1,Short,1
far daughter loves kindle,1,Short,1
problem charging port strong enough teens use,1,Short,1
everything expected,1,Short,1
kindle tablet w wanted replace love,1,Short,1
purchased grandsons loved,1,Short,1
bought two fire tablets one fit one didnt,1,Short,0
amazon fire hd week things ive noticed amazon fire phone users house expected tablet similar found things similar things arent also apple ipad microsoft surface household use daily quite familiar tablets point found amazon fire hd good copying device far week seized several times restarted one time us use amazon fire phone familiar feature sweep close page push home button twice show apps running individually close neither one features available amazon fire hd tablet far opinion nonintuitive unstable unreliable hope sometime opinion improves software updates improve post favorable rating device,0,Long,0
charge thing time technician says every hours even sleep mode uses power whats point sleep mode turns around says sleep mode conserves power shouldve got ipad dumped amazon altogether,1,Medium,0
love picture quality good easy use sound good great quality price,1,Short,1
love kindle,1,Short,1
love fire hd,1,Short,1
love great price delivered fast makes reading easier plus surf web play gamesso much morei havent even tried camera video yet storage problem,1,Medium,1
good tablet great resolution watch espn,1,Short,1
love fire best money spent years,1,Short,1
use daily great around tablet,1,Short,1
much better older kindle fire,1,Short,1
expected nice size screen lots free apps love,1,Short,1
fire hd great,1,Short,1
viewing videos often involves movie stopping catch downloading continuing,1,Short,0
blown away level crisp clear graphics fluidity device ive die hard barnes noble consumer readers honestly say changed woman,1,Short,1
love perfect,1,Short,1
old kindel ordered another one easy original,1,Short,1
used apple devices bit lost w new toy really sucks linked amazon account enable anyone make purchases without additional warning password kids buying books n stuff kindle reading device,1,Medium,0
first generation fire loved randomly would shut couldnt get reboot finally died decided get latest fire hd battery life horrible reading games less hours maybe defective one love hd noticeable glare worse wont get protective cover fear losing hd,0,Medium,0
received original kindle fire years ago mothers day loved got new fire hd love even dont like connection charging way tight difficult access roocase cover despite fact said made specially exact unit true onoff switch slips edge cover cannot acceess otherwise amazing,1,Medium,1
hold charge freezes,1,Short,0
love new kindle fire hd graphics great books easier read,1,Short,1
disappointed battery life short,0,Short,0
plan browsing internet checking email playing games dont waste money fancier tablets need gave stars instead wish camera better quality dumb phone cellphone better camera,1,Medium,1
received gift expectations however certainly dont like ads pop screens thinking pay much money device deal games able pay dollars dont get ads games option debating kindle ipad additional dollars might good choice,1,Medium,1
like much kindle learning lot still happy son gave amazon gift card mothers day used help purchase item also got coupon amazon price great,1,Medium,1
hubby needed use mine,1,Short,1
great wished apps,1,Short,1
good transaction great quality pictures videos excellent sound glad device,1,Short,1
really enjoy kindle fire tablet,1,Short,1
easy set,1,Short,1
sons gave fire mothers day awesome even husband likes,1,Short,1
bought toddler son could abc mouse learning app absolutely loves kindle understood completely work one day free time app gives peace mind isnt surfing internet viewing anything inappropriate also ensures doesnt make purchases apps downfall needs charged hours use full charge great buy im glad went kindle ipad,1,Medium,1
great helping son reading,1,Short,1
pleased fire hd almost bought instead glad got,1,Short,1
battery doesnt last long really thrilled itbut gift use whilebut like original kindle better read forever without battery going,1,Short,0
far love need whole lot time find bought,1,Short,1
happy product,1,Short,1
really great take time learn things fire love,0,Short,1
cute lightweight love,1,Short,1
receiveded items previous kindle lost scores games made go back beginning start kindle camera instructions sent dont know work camera please help instructions,1,Medium,1
gift went well two brands trouble worth fathers day gift real winner using help built great feature,0,Short,1
enjoying tablet someone knows correct micro hdmi connection tv hookup please let know far ive picked wrong twice thanks,1,Short,1
video audio quality much better earlier versions im still fan everything open staying carousel thats favorites also camera good,1,Short,1
amazon shifty business ethics tried charging remove promo ads sleezy greasy thinking lawsuit class action deceptive business practice sure possible go lower taking business somewhere else,1,Medium,0
used yet many features,1,Short,1
im addicted thing,1,Short,1
absolutely love kindle fire ive wanting one awhile didnt want spend much money since would mostly used read spend enough books kindle fire perfect son also loves easy use actually get read lot rather play games time perfect buy id recommend everyone,1,Medium,1
far impressed easy use guy usually get one grandkids show use newer technology good price great value everything need bob,1,Short,1
absolutely love new kendall,1,Short,1
really enjoy kindle funstill learning work,1,Short,0
surprised quick shipping product nice trouble getting use set able creature comforts tablet ie wallpaper smaller icons carousel etc happy selection books offered sometimes feel limited want purchase book economical hoped also wanted get something protect new fire wanted something similar otterbox luck finding overall im pleased hoping much ecstatic,1,Medium,0
love new fire hd rear camera,1,Short,1
happy fire hd real pleasure use,0,Short,1
receive tablet started shutting last time shut n come back sending back try another one doesnt work getting refund,1,Short,0
works great problems,1,Short,1
amazing tried different tablet first days frustration returned got fire hd turned loaded running literally minutes glad went back kindle lesson learned,1,Medium,1
would given stars inordinate amount effort spent trying get device unlinked email address purchased gift dad great loves even though knows little modern technology great gift anyone,1,Medium,1
perfect tool job needed device would play video little one car roads trips much easier plus capabilities future interactions toddlers adults awesome,1,Medium,1
love faster,1,Short,1
looking tablet price quality fire cant beat,1,Short,1
good price point,1,Short,1
happy new hd everything expected fantastic quick shipping day wow,1,Short,1
great tablet everything need wish camera little better thought,1,Short,1
kindle fire hd bought years ago love got one granddaughter loves,1,Short,1
awesome fire much better one got three years ago,1,Short,1
kindle fire hoped crisp visuals easy read love,1,Short,1
works perfectly easy set pleasure use highly recommend,1,Short,1
another hd replace lost tablet feels like never lost step,1,Short,1
kindle bought second one husband great fun,1,Short,1
native google play store support proprietary android os version otherwise okay returning getting android compatible tab,1,Short,0
good product battery life died without used days fully charged,1,Short,0
wanted wanted computer first came like computer dont know wouldnt send returning label call email took last money account shipped back please give money back told couldnt afford poor person took advance need money please return wont ever bother thank rhonda,1,Medium,0
unexpected gift love still getting know ins outs ive using numerous things great addition original kindle still going strong daily use past years,1,Medium,1
working pretty good comment bad seems run little slow,1,Short,1
second kindle quality good price,1,Short,1
bought kindle year old using time,1,Short,1
got home put dispute charge,1,Short,0
absolutely love kindle fire best reader far,1,Short,1
love familiar add apps functionalities,1,Short,1
replacement unit knew exactly getting,1,Short,1
great size reading,1,Short,1
charging port first fire hd broke replaced anew one love like gb rather originals,1,Short,1
love works great,1,Short,1
beyond expectations,1,Short,1
loving ease integration amazon products im apple owner fan doesnt wow enough replace ipad yet,0,Short,1
nd version disappointing able read without light main reason interested new fire hd upon receiving quickly seeing color pigment options available extremely happy choice asked definitely recommend friends,1,Medium,1
enjoy kindle every time pic hardly ever use lap top,1,Short,1
everything expected,0,Short,1
ordered saturday got monday cant complain nothing love product service,1,Short,1
love new kindle fire got birthday enjoying using used beach worked wonderfully,1,Short,1
battery lasts maybe hours pretty useless unless wifi using free time kids takes hours fully charge,1,Short,0
bought granddaughter brother got one xmas work flawlessly,1,Short,1
always huge kindle fan,1,Short,1
shopping store upgrade kindle fire found availability scarce settled stock satisfied must lengthy transfer past purchases books music etc cloud new device would also prefer choice want transfers carousel remain prospective lists books music etc,1,Medium,1
looking ereader research ended going fire hd extremely happy choice downside books cheaper barnes noble tablet amazing,1,Short,1
app selection limited,1,Short,0
lightweight easy read far great battery life even playing games rd kind kindle love fire,1,Short,1
son wanted present getting good grades year loves love options limit screen time parent protect app purchases think great investment kids entertainment well education,1,Medium,1
found easy load books red app padhd kindle even battery goes low switching platforms kindle remembers last page read,1,Short,1
love new kindle makes easy read take run,1,Short,1
awesome tablet,0,Short,1
return first one days fact would turn take charge nd one,1,Short,0
arrived perfectly mbps verizon dsl wifi could deal locking onto open nearby signals mine became unfortunate necessity return item return promptly refunded damn verizon dsl,1,Medium,0
disappointed every thing patsy transfer new one books important call get usual good service couldnt understand,1,Short,0
second kindle performs better first like voice text feature improvements keep discovering along way adding additional memory makes useful first like much difficult put exciting think extension laptop,1,Medium,1
liked original kindle fire lot better fire hd doesnt allow lot app previous fire using google play purchased two id know lack apps wouldnt bought,1,Medium,0
kindle paperwhite decided buy kindle fire use reading device definitely far superior eink reading device imo read lot books pictures diagrams oddly formatted text eink useless also copy lot pdf documents color tables etc read device well tried kindle paperwhite painful look great kindle fire heres battery tip people like use reading device turn airplane mode use wifi downloading books content turn airplane mode battery lasts lot longer internet go days without charging,1,Long,1
upgraded kindle paper white fire th since day offered promo oprahthis inexpensive tablet much reader yet use offer watch movies shop amazon much vivid color absolutely love device,1,Medium,1
product described learning curve takes time conquer certain aspects use modify unit use clearcut intuitive like bookmarks easily imported system organizing pia something browse internet play games works subject games iphone available fire,1,Medium,1
love kindle picture sharp games dont lag quality amazing,1,Short,1
bought dad electronic way view bible monthly service fee required likes sleekness,1,Short,1
son loves freetime could little robust maybe providing request access feature getting appscontent arent approved default son cant even browse app store without however hardware great unit solid great screen performance buying another daughter christmas,1,Medium,1
pleased kindle fire easy navigate pages graphics excellent happy screen size kindle fire proving convenient desktop computer obviously cannot take room room would highly recommend kindle also kindle ereader happy products,1,Medium,1
particularly happy new kindle fire hd buy replace first kindle would longer recharge unchargeable kindle newer fire hd may ask could see reason wellkept kindle would die like received tradein living fantasy island expect merchandise last longer feel fire hd difficult navigate said definitely big fan technology tread lightly slowly faced technology often takes great deal time learn use efficiently guess im old fogey disgruntled forced unexpected unwelcome purchase order able read already purchased queue first kindle record doesnt greater battery life doesnt recharge faster old kindle,1,Long,0
love price great also,1,Short,1
love new fire kindle old one one much better especially like fact take pictures,1,Short,1
great far nothing compare say impressed audio,1,Short,0
love kindle fire,1,Short,1
cant live without kindle say perfect always close byworks well,1,Short,1
commercialspoor explanations new features sorry old one broke sorry bought one,1,Short,0
second kindle fire purchased replacement since loved first one till dropped happy device battery wont even last day kindle problem,1,Short,0
husband first kindle love,1,Short,1
disappointed still cant watch days lives device reason got new one also couldnt find lot bought shipping charge horrible get time someone help recourse,1,Medium,0
ive tablet week far love easy get started going take go europe would recommend product,0,Short,1
many popup advertizing,1,Short,0
amazon fire awesome didnt think ever wanted something like itbut cool watch netflix movies bed go sleep downloading new books awesome read books driving listen music itim much new technology stuff thing awesome price,1,Medium,1
hard start new bookmight owner operator touch times open new book,1,Short,1
love new kindle bought extra space glad recommend extra cost need extra space know,1,Short,1
best tablet far son going different tablets one far durable reliable one yet,0,Short,1
plastic feel makes look poorly cheaply made good part wont break easily drops besides wont able get quality android tablet unlike dollars keep mind appstore many quality applications huge downside,1,Medium,0
love yrs old find directions easy follow sorry didnt get sooner thanks great product,1,Short,1
st fire im still learning use far good,1,Short,1
well worthy price sleek clear screen perfectly video browsing makes big small hold watching,1,Short,1
colors vibrant size perfect user friendly love,1,Short,1
love kindles,1,Short,1
nd kindle fire love,1,Short,1
got wife happy,1,Short,1
bought tablet primarily streaming video emailing purposes size right however purchase bluetooth keyboard make emailing convenient,1,Short,1
loved first generation fire died mostly due wear tear household two small children version every bit good original decided optout advertisements really much bother device always extremely impressed overall fire first generation always found kindle excellent combination reader tablet find costbenefit fire exceptional get great device incredible price might add another one household,1,Long,1
far good still trying figure,1,Short,1
bought parents enjoying user friendly,1,Short,1
im librarian love books ive read ipad little heavy didnt really like app really blaming liking fact didnt like ebooks kindle totally changed mind books books im totally team read doesnt matter using read spend time readingi love kindle love physical books love kindle fire pros lightweight easy read eye strain easy use lots different ebook lending services local library easy buy books amazon kindle fire cons battery dies quicker thought would battery slow charge ipad charges faster,1,Long,1
previous tablet left frustrated fire hd hot hot hot love easy get started downloads fast playing games posting fb quickly quality product,1,Medium,1
great product create features kid ready parents account,1,Short,1
awe love kindle,1,Short,1
first tablet brought year old could manage ok brought one mainly use reading also got want use youtube play games want phone like ease use features,1,Medium,1
easy operate love everything,1,Short,1
much clearer faster old fire love,0,Short,1
love read kindle second one,1,Short,1
third kindle use love,1,Short,1
kindle fire plus years still works needs reset every day got one week ago far good handy grab take,1,Short,1
th kindle think impressed,1,Short,1
love owned digital prier purchasing fire touch screen much nicer better quality fire also responds faster memory perfect games email even browsing web price completely impressed fire tablet would recommend friends family members,1,Medium,1
love yearold great parental controls access learning games every kids favorite minecraft thank goodness protection plan already used smashed screen months knew going come handy,1,Medium,1
first tablet easy use sharp display wonderful sound easily transportable perfect use,1,Short,1
thoroughly enjoying kindle fire hd,1,Short,1
amazons service matter replacing fire hd warranty issues lighting fast talked rep friday night sunday new one delivered well done,1,Short,1
still learning find way around far real delight,1,Short,1
tablet amazing great sound picture fast problem camera simply awful picture horrible fuzzy washed front back looking something nice picture go look elsewhere,1,Medium,0
love fire hd wish time spend,1,Short,1
awesome clarity easy use much bigger thought would really really like,1,Short,1
got delivery days exactly needed surprises,1,Short,1
nice looking works well,1,Short,1
honestly actual product really nice super sleek feels great lightweight awesome display etc bucks got returned ten minutes unboxing though reason bought play clash clans quickly found amazon store doesnt clash clans must one stupid deals game war download game competitors lame arent trying play clash clans deal limited amount apps amazon store vs google play store great product sure tons apps download amazon store literally one wanted dont done research,1,Long,1
ive less week froze several times doesnt work wont charge turn nothing im sending back get money back otter box case recommended different kindle total waste money products,1,Medium,0
owners manual could inclusive otherwise really pleased fire,1,Short,1
im complety satisfied purchase,1,Short,1
nd fire love,1,Short,1
love would buy,1,Short,1
great move,1,Short,1
love kindle someone reads lot bigger screen option easy eyes love also great game play watch occasional movie lot travel work kindle nearby makes commute time go much faster display screen nice clear lot work kindle since open pdf files emails received item free exchange honest unbiased review,1,Medium,1
like lot little heavier expected really still learning use settings happy bought,0,Short,1
always hesitant buying kindle fire thought would waste moneybut wrong absolutely love love love separate profiles keep little boys content separate mine love,1,Medium,1
love easy use nice size e everything computer,1,Short,1
yes everything looking,1,Short,1
love year old kindle fire stopped holding charge welcome upgrade,1,Short,1
love kindle fire great read email also course read book go online find information great problems,0,Short,1
ok device failed within months going take months get replacement like fire well enough amazons failing timely fulfillment replacement due serious backorder situation necessary would make seriously rethink purchasing tablet,1,Medium,0
kindle hd user friendly dependable cant lose tablet,0,Short,1
wonderful crisp clean display perfect size speedy really use reading manga amazon huge selection cant comment functions still great tablet price,0,Medium,1
absolutely love rd kindle nd kindle fire hd version even better ill forever kindle user,1,Short,1
birthday present wife loves,1,Short,1
love dont need smart phone tablet everything else bother dont want bothered lol great,0,Short,1
like get use differences,1,Short,1
love new fire find using laptop well kindle reader fast efficient user friendly,1,Short,1
cannot stream live tv cable suppliermust disable usb debuggingfrom developer options,1,Short,1
bought gift year old hit,1,Short,1
son loves kindle,1,Short,1
product excellent print little small trying read instructions may discovered enlarge font allow enlarge open documents email etc still learning use,1,Medium,1
good deal,1,Short,1
wife dont know much,1,Short,1
great item price easy navigate sharp graphics battery needs charging frequently expected based usage major problem,0,Short,1
great tablet far works good,1,Short,1
really love fire hd entry tablet game thoroughly pleased choice thought buying hd purchase size perfect needs everything need flits neatly purse,1,Medium,1
previously st generation kindle fire loved st gen fire bluetooth got bluetooth headphones course time upgrade like bluetooth easy connect bigger screen always plus easy use things took getting use like actually volume button side one things dont like kindle fire harder turn reason hold button longer press harder im sure get use upgrades compared st generation worth dont use camera much couldnt tell quality problem switching one app another playing music speakers great problems watching movies tv shows,1,Long,1
listed special offers im sure nothing kindle id consider beyond would normally come still getting used layout far great purchase transferred movies onto using onedrive play perfectly also transferred books onto using send kindle email,1,Medium,1
absolutely love kindlei account gave grandchildren presents,1,Short,1
love new front rear facing cameras eyecatching color goes great fire stick also awesome great buy,1,Short,1
excellent easy use,1,Short,1
happy customer,1,Short,1
fire hd replacement one stolen france last week love tablet however charged shipping ad said free shipping cant get amazon anything,1,Medium,1
returned didnt like size feel,1,Short,0
everything want happy,1,Short,1
love hd screen find useful gotten larger g memory capacity surprised quickly max g memory price cant complain,1,Short,1
second kindle fire st hd version received kindle tuesday saturday longer working would simply turn contacted customer service spoke presume kindle tech support rep dead frustration amazon wanted wait end july obtain replacement june th love read disappointed kindle fire purchases wonder try paperwhite version,1,Medium,0
audio video great,1,Short,1
havent much time work yet im sure like love kindel,1,Short,1
kindles past years even given gifts particular kindle went father fathers day father basically computer illeterate couple minutes instruction using play games knew would like confident gets comfortable access options available,1,Medium,1
sixth kindle love new one little upgrade,1,Short,1
real downside device lack memory card slot makes limited hardly add programs device reason buy model get memory card slot cost another option hp stream device runs windows little chunkier os limited app marketplace office included much better deal going cheap,0,Medium,0
awesome side awesome sauce,1,Short,1
good product,1,Short,1
great product im happy purchase,1,Short,1
pleased fire,1,Short,0
really good bought children hoping would really good except day poltergeist came screen kidnapping kids havent seen months otherwise great buy great price definetley reccomend,0,Medium,1
love fire hd kindle many things gotten long time thumbs,1,Short,1
easy set use recharges quickly love,1,Short,1
lots apps available lose time need recharge know much time spent using,1,Short,1
easy use,1,Short,1
like itbut losing much battery power turned im loosing power hour tablet turned ill charge hours later ill turn battery thats sleep mode wifi bluetooth turned,1,Medium,1
dissapointed limited instructions use google use dont find user friendly still cant figure get thing without powering dont like free kids games stored cloud instead device without internet gra dlids cant play tge games dislike forced put password sign times enter im sorry bought wont recommend others im likely return,1,Medium,0
grandson broken two samsung galaxy tabs bought previous thought would perfect far taken hard knocks still working perfectly great product super children,1,Medium,1
wanted kindle take full advantage amaazon prime membership particularly availability currently published books pleasantly surprised find could obtain current music well also amazon remembers every cd music purchase ive ever made since last centuryand listen kindle country god bless america,1,Medium,1
like product able connect tv hdmi cable adaptor disappointing,0,Short,1
love fire hd wish battery lasted longer,1,Short,1
worst product ever owned wifi difficult connect keeps bumped web irishmen watching video facebook come certain sites like youtube playback either never loading stops starts continually stops playing,1,Medium,0
everything thought would,1,Short,1
really like feel tablet ease use would recommend anyone,0,Short,1
steal definitely play well expensive tablets second fire ive ownednothing bad say,1,Short,1
performs well still getting used kindle set,1,Short,1
expected wanted date reader replace original kindle yet read books yet im distracted apps use,1,Short,1
love love love new kindle fire easy use,1,Short,1
love kindles one best easy set ended buying keyboard make easier answer emailsi love,1,Short,1
disappointed ipad love use time wanted something smaller lighter travel smaller lighter much difficult navigate guess get pay,1,Short,0
fantastic wish could put background homepage,1,Short,1
extremely disappointing device forgetting problems ordering first said available confirmation said month form app store experience horrible coming ipad disappointing also misleading games names itunes googleplay sometimes puzzles rubbish long time prime member use lot amazon services truly awful,1,Medium,0
bought kids freeze battery dies hours really slow,0,Short,0
awesome new gen fire hd huge improvement gen device,1,Short,1
carried books life everywhere went fire perfect light replacement loved libraries great one backpack really explored wonderful things yet enthralled books fingertips think ill explore camera next,1,Medium,1
meet expectations,1,Short,1
went bang buck keep mind low cost item features capabilities impressive paired amazon prime go wrong,1,Short,1
much easier read easy use,1,Short,1
great tablet sharp hd disply,1,Short,1
got daughters birthday loves would give stars parental controls customizable old kindle free time teenager control shouldnt come enter password every time wants use uses calculator calendar well several websites homework also enjoys watching youtube videos minecraft cooking tos wish could put daily time limit internet access games still allowing access books educational sites apps would great teenage version freetime allowed internet access time limits ability monitor activity customize websites accessible blocking access inappropriate content would also like ability control access content kids kindles without set amazon account example ordered romance novels kindle appear carousel daughters kindle,1,Long,1
like tablet hearts switching around game stops play cant recover turn tablet restart play new game frustrating home fix,1,Short,0
nice tablet think micro sd slot far think good value wanted gb model available,1,Short,1
love quality hd photos look great screen looks sharp tablet size model nice happy upgraded,1,Short,1
loved much bought second one mine many advantages cost money wonderful,1,Short,1
love rd kindle,0,Short,1
nice display handy vacation sure photo storage thought free forever days lots free stuff days happens,1,Short,1
love kindle,1,Short,1
love fire cool device easy work fast loaded apps receive mine already setup start using thanks amazon,1,Short,1
took figure download items frozen takes forever get turn tried post item facebook whole thing frozen miss apple,1,Short,0
great tablet love,1,Short,1
great device replaced original fire fast processor love print wirelessly,1,Short,1
trouble connecting internet games would end done playing,1,Short,0
amazonic tablet good deal amazoncom video audio powerful entertaining senses going like price comparison apple products would say steal win win situation moneywise,0,Medium,1
love new kindle makes bringing media easy,1,Short,1
perfect e reader nice videos,1,Short,1
love little trouble going sleep,1,Short,1
fire hd speed loading really amazed,1,Short,1
always apple products definitely learning curve get comfortable enjoying great selection word games apps husband enjoying im glad decided make purchase,1,Medium,1
ill give fire hd hd display stars im happy purchase,1,Short,1
limited amazons customer service pertaining kindle completely unacceptable,1,Short,0
love great picture perfect size,1,Short,1
love kindle,1,Short,1
love thing able go house still cruise net read great companion custom desktop,1,Short,1
somewhat disappointed integration apps kindle android google play work though large number applications android devices kindle device accept installation google play even tricks suggested web pages applications one install amazon store amazon store carry silk browser also somewhat compatible cannot download ebooks local library public soureces overall good playing games downloaded amazon ebooks thats pretty much recommend bought either ipad android devices samsungs asuss would lot better since accomodate google android apps seamlesslessly download anazon ebooks also given star rating rather generaously simplicity games size spped,1,Long,0
perfect tablet really enjoying would highly recommend,0,Short,1
absolutely phenomenal son loves playing learning games kindle well watching netflix completed required time learning games definitely recommend,0,Short,1
third kindle fire hd altogether different need book kindle hd dummies opating blind lot quirks glitches probably reviewed book hands fire foe ebooks paperwhite easier us fire odd surprises reading ebooks keeping hand bottom screen seems keep page jumping around sudden get page built dictionary realize fires potential sure get selfhelp manual,1,Long,1
much heavier expected size seemed okay awkward hold bed reading maybe case adds weight either way better phone wish hadnt purchased device,1,Medium,0
terrific good smaller tablet best thing fantastic amazon support loads many appsgames love free books etc get amazon,1,Short,1
like new kindle fire im still learning get around soon happens im sure ill love,1,Short,1
love software buggy slow,1,Short,1
second kindle love kindle fire hd,1,Short,1
seems good far interfearing kindle downloads books need figure move reader,1,Short,0
bought mother mothers day loved believe nothing would made happier loves reading playing games,0,Short,1
great tablet lot like new fire phone,1,Short,1
meets expectations,1,Short,1
never buy another amazon tablet phone experience read great reviews product hasnt lived slow moment bought couple months randomly restarting time wish could get money back,0,Medium,0
love hours entertainment,1,Short,1
love mine,1,Short,1
two brought one child one process completion registration,1,Short,1
disappointed battery life lasts hrs charging kindle battery area kindle gets really hot think need good battery someone help,1,Short,0
perfect fit,1,Short,1
great device taking little bit get used,1,Short,1
tablet good bad camera also cant get clash clans amazon fire store thats huge defect,1,Short,1
previous model kindle familiar regretfully last kindles audio port stopped working year im hoping better luck time otherwise like round features kindle enough ordered,0,Medium,1
love fire hd th one,0,Short,1
rate work send back unable exchange stock incovience,0,Short,0
wanted works looks good,1,Short,1
solid tablet nice deal,1,Short,1
love little tablet need church fit nicely bag already esv bible downloaded wait use sunday one take travel keep easy handle found charger phone works tablet take one cord use phone tablet sure plus recommend tablet anyone thing stream movies audio listen books car downfall,1,Medium,1
new give accurate accounting far good,1,Short,1
like hand foot goes wherever go,1,Short,1
absolutely love kindle,1,Short,1
thought one bought couple years ago newer little upgraded almost every option different longer look definition words instantly touch wade menu layers turn wifi find bookmarks set goto feature also complicated hidden dont understand need changes least grandsons enjoy exclusive use old kindle fire hd,1,Medium,0
smaller expected overall pretty decent system play nice hulu disappointing,1,Short,0
good display sound poor battery life snafu ordering payment plan got two delivered order didnt cancel properly pay box ups store wouldnt accept amazons packaging wait three days get credit card credited pay mistake best work theyve ever done userfriendly experience box tutorial seem like movies youtube course coupled prime membership pretty good deal saved review star,1,Long,0
love product,1,Short,1
great device love rear view camera keep good work amazon best values going,1,Short,1
love fire hd works great first kindle fire actually still works charger port doesnt fit tight enough charge repaired already happened figured time buy new one people amazon helpful gave great deal fire th generation received everything already loaded back made much easier took days get cover checking office supplies stores ordered case said th generation fits perfectly,1,Long,1
convenient use handle like size better ipad lot faster downloading,0,Short,1
still learning use works friend mine loves always wanted get one soon get running know enjoy much friend loves,1,Short,1
kindle fire absolutly love read every day nice books one place love play games mostly love reading,0,Short,1
id kindle fire like three years pretty wornout great replace great device interesting new extras,1,Short,1
good far,1,Short,1
much fun learning things,1,Short,1
really love little tablet,1,Short,1
amazing works greatclear picture great sound,1,Short,1
display really good everything works girlfriend loves reading,1,Short,1
good product bad camera quality,1,Short,0
love kindle except apps compatible etc instagram red conoe app hopefully available soon ive extremely happy,1,Short,1
main intent buying device read kindle books although multiple apple products using read kindle books far best ever love voice reader natural sounding works well car bottom line cheap well made reader take anywhere afraid losing,1,Medium,1
love love love,1,Short,1
problems learning book manuel without read transcript please mail copy thank,0,Short,0
kindle would gotten five star rating hdmi micro port,1,Short,1
certainly updated previous kindle need get used using things,1,Short,1
daughter bought absolutely love great battery life graphics awesome complaints,0,Short,1
excellent kid friendly,1,Short,1
love color detail,1,Short,1
great color sound fast,1,Short,1
love fair hd,1,Short,1
would like see instructions use full capacity able get running easily really enjoying thought would,0,Short,0
love expected,1,Short,1
easy carry use fits pocket cargo shorts games books web etc,1,Short,1
doesnt hate,1,Short,0
awesome issues arrived earlier anticipated,1,Short,1
arrived time great display,1,Short,1
like better first kindle find easy use plenty apps keep busy,1,Short,1
nearly three year old grandson loved fire hdx tablet bought dragon touch tablet dragon tablet much slow quite bright also developed problem returned dragon bought fire hd absolutely loves like fact order inside apps pressing button bought movie tablet would recommend fire tablet day accommodate age,1,Medium,1
awesome tabletversitel,1,Short,1
love kindle fire,0,Short,1
like read book onit,1,Short,1
quite disappointed supposed quality piece electronics come sort instructions us still even partially electronically illiterate called instructions google even amazon nil fortunately days nearly end friend happened come lo behold gave help minutes able find days reason review got stars nook came book detailed instructions like call instructions dummy everyone universe knows work think seriously think even one page instructions,1,Long,0
love kindle fire second kindle fire love version even,0,Short,1
daughter ecstatic get birthday love parental controls nice surprise find cds weve bought throughamazon years alteady library music,1,Short,1
far im pleased noticeably better quality display sound three year old fire ease operation liked previous versions kindle like one well,1,Medium,1
wifi dropped week says wont reconnect totally disappointedsending back,0,Short,0
holy crap organization driven amazon could fuxor android point near uselessness going put new rom thing braindead foxing morons listen masters customers vile bad sucky slow creepy make good search terms release ah hardware ok,1,Medium,0
kindle fire hd nice play great games cant play fire tv stick hard play games small screen havent tried book reading yet,1,Medium,0
great reading device blows nook water,1,Short,1
fast directions easy understand graphics excellelnt,1,Short,1
im love transition smooth organization really simple easy operate screen perfect size pixel high quality hard eyes wether bright daylight even night totally recommend,1,Medium,1
perfect kids,1,Short,1
far communicated expectations product complaints started first generation kindle fire one faster updated far however im say something didnt know purchased several apps worked perfect fine older app developers apps updated longer compatible newer kindle available google play store disappointing may reconsidered purchase known talk around common complaint kindle vs getting android apple product market sure aware app issue big deal love wonderful kindle tablet great tablet ways,1,Long,1
daughter loves happy,1,Short,1
fire hd user friendly tablets like download books im enjoying tablet far,1,Short,1
love new kindle fire hd,1,Short,1
loving far im using business amazon register found hard phone fire made much easier im loving register swipe rate,1,Short,1
unit fine pay extra advertisements pop think rude delivery slow missed date birthday present give unit stars give delivery advertisement issue stars overall stars,1,Medium,0
nice unit easy use,1,Short,1
like cant get google games,1,Short,1
love kindle fire hd use time awsome,1,Short,1
love far,1,Short,1
seem hard reboot couple hours using device touch screen loses sensitivity sometimes goes back home page,1,Short,1
love fire tablet got children love,1,Short,1
tried quite lower priced tablets money wont find better kindle fire hd speed great picture stereo speakers sturdy built last get gb youll glad watch videos play games email download upload problem drawback camera quality overlook great product great price love,1,Medium,1
mostly read ebooks wanted something smaller older xoom tablet fire opens quickly brilliant screen enough apps news weather etc purposes apps load quickly especially weather bug always hit miss xoom smaller size makes much portable pleased product,1,Medium,1
looking similar kindle already still good product,1,Short,0
great tool,1,Short,1
received earlier fathers day present kindle books automatically transferred device compact light use every night read,1,Short,1
good advertised,1,Short,1
cant wait til know use itstill trying,1,Short,1
love new kindle fast screen crystal clear sound greatly improved love size light enough carry wherever go im happy new device recommend,1,Medium,1
love love kindle read books play games read thepaper,1,Short,1
takes amazingly sharp clear photos videos apps installed faster including apps couldnt install old fire im satisfied,1,Short,1
received mothers day gift love everything want im time instead laptop thing dont like ads price cant go wrong,1,Short,1
sure like modeli miss fire hdxthe screen gets smeared time hard clean slower keepstelling connected wifi cant afford fire hdx time upgrade,0,Medium,0
easy use great addition ways use media content pleased faster wireless internet connection computer,1,Short,1
display clear sharp surfing speed excellent wish better battery life,1,Short,1
think great bought yr old son loves excited came camera,1,Short,1
amazon right light easy carry quite fast quick accesslink favorite mobile site rocks,1,Short,1
love fire hd amazing old fire kindle loved couldnt charge anymore bought fire hd screen size,1,Short,1
nice little gadget wasnt wasnt wanted thought needed older busy think check smart phones instead first thing upset packaging unhappy ordered another glass item bottle whoever packaged threw product first downfall well decided send back amazon wonderful company order numerous items years item didnt,1,Medium,0
really love new kindle hd however quite upset within days afterward sold fifty dollars cheaper,1,Short,1
product exceeded expectations far enjoy reading easy use,1,Short,1
love new fire hold charge long previous kindle case bought excellent,1,Short,1
things like doesnt perform nearly well older version,1,Short,0
serves purpose bought well reading listening books reason ipad gave daughter use still adequate email good web browsing function happy far,1,Medium,1
easy get started still learning use,1,Short,1
love tablet,1,Short,1
great product arrived time daughter loves purchase seller,1,Short,1
great negative doesnt much side borders hold onto screen first kindle love came time plug adapter didnt buy separately,1,Short,1
nice first difficulties setting later found figure surprised though didnt pamphlet inside telling us,1,Short,0
ive moments discover ins outs knew bought gb confining amount ordered aware could replace ipod spite limitations memory find im pleased could find way carry easly ipod would great john,1,Medium,1
really hated leave old kindle user friendly dont change well husband got fire hd features didnt like however new kindle fire hd best features like especially like power button located top rather bottom old one button bottom would sometimes turn reading would accidentally hit power button one feature liked old kindle new one doesnt light shows orange charging turns green fully charged made easy see glance charged,1,Long,1
amazed new fire hd seems everything reprinting photos downstairs wireless printer many apps choose cant decide thats beginning still lots learn thanks really neat tool,1,Medium,1
find different last fire hd little instructions use,1,Short,0
dont know amazon companies cant tech support spooky good ive used mayday kindle worked every time wait also sent request support web site sooner click send button phone rings thats spooky part mentioned early devices long wait hold speak someone doesnt clue barely speak english phoned brothers support new printer purchased wont install called support number brother got voice message said one help goodbye amazon dont make printers computers made many purchases amazon needed return always customer support amazing im tempted phone kindle support see help printer,0,Long,1
im totally comfortable yet color images fantastic present going keep back original fire one bites dust ill backup hand may try playing camera really im familiar lot device except screen display definitely worth star rating,1,Medium,1
still setting uplove clear picturesreally like larger keyboard sound greatmuch lighter big problem opening box absolutely idea set first tablet would lost contact help days later got answer help accidentally found set find set infoat least include quick start info yes number call allhave lived calls cannot tellmore tilli get started using instead trying set moment floundering cloud installation,1,Long,1
really lot room anything else put books,1,Short,0
kindle fire received gift worked great months turn advice kindle support hold power button seconds apparently works unfortunately kindle unless purchased extended warranty help except purchasing another kindle first told line store repair available find repair available warranty much research discovered specific problem common kindle even online posts showing open kindle get reset,0,Long,0
disappointed display measures advertised also heavier thought would fire size liter weight,1,Short,1
good product enjoy display graphics easy use right size,1,Short,1
fourth kindle great picture great reading easy figure use sayoh nice light alsocannot read outside though use paperwhite,1,Short,1
love new kindle love hd clear easy use,1,Short,1
far best tablet amazon made graphics wonderful apps load operate much faster new processor kindle fire hd version wondered big enough difference tablet one justify buying say huge difference truly best tablet ever purchased regret purchase new volume buttons convenience strong tablet,1,Medium,1
received fire hd gift awesome use everyday internet needs im well satisfied,1,Short,1
love lost first one im picture person one lens sides,1,Short,1
excellent product rd one,1,Short,1
easy setup connect account perfect size good price great gift,0,Short,1
pleased kindle purchase difficulty retrieving ebooks prior kindle read yet,1,Short,1
didnt think id use much hospital waiting room sitting coming took plunge purchased one easy use loaded couple games couple books spent day waiting room even able stream video guest wifi hospital provided patient came fine played bit waiting discharged still getting know way around going everywhere load games books grandkids remember take charger along plug whenever get chance,1,Long,1
first kindlebut would nothing kindle tabletmy st kindle fire problem charging receptacle eventually wouldnt workamazon usual great customer service gave credit old one able get new firestill happy one fear charging problem new one,0,Medium,0
second kindle love kindle fire hd quickly shipped buy another one,1,Short,1
rd kindle best take everywhere anywhere wireless hooked good quality picturegraphics fast plenty apps,1,Short,1
replaced orginal year old kindle fire love,1,Short,1
bad far,1,Short,0
purchased tablet less months ago cant keep charge ill fully charged night wont use next day completely dead,0,Short,0
capabilities almost limitless unfortunately personal capabilities high level although turn onoff wifi reception yet learn move book device cloud easily accessed manual read paper one come unit stress factor often difficulty finding page amazoncom information regarding fire kindle resolve issues miss old dead kindle whose capability easily order download books could listen read itl,1,Long,1
easy use screen easy read books easy download like cover stand handsfree viewing birthday gift husband dennis pleasant surprise sharon reedy,1,Medium,1
first kindle fire ive fallen love kindles great devices variety uses truly worth money one best,1,Short,1
rate based solely performance id give stars lags little bit barely noticeable also camera quality kind bad one thing really gets nerves kindle fire background wallpaper black cant change picture choosing cant even change different color black wallpaper thats get makes kindle feel impersonal youre home screen thats gets three stars also takes long time charge plus side lasts decent amount time thats always good youre looking something read browse internet manner could smartphone want something little better quality around save ipad personally wanted something read watch netflix im fairly satisfied tablet,1,Long,0
enjoying item first time im giving review product,1,Short,1
love much faster old one many new features love,1,Short,1
year old loves also purchased protective child casing wellexcellent product way,1,Short,1
nice upgrade againit time new one husband got pink favorite color mine hidden put case sweet thought though,1,Short,1
great gift liking ipad,1,Short,1
happy purchase love amazon,0,Short,1
functions good easy use larger would nice work ability use internet looks difficult,1,Short,1
perfect fit perfect style pink polka dots,0,Short,1
exceeds expectations great deal money works well may well replace laptop entirely desktop since need away home wonderful product,1,Short,1
great value,1,Short,1
outstanding product easy use,1,Short,1
best ereader far,1,Short,1
absolutely love color ordered meets expectations,1,Short,1
far like,1,Short,0
love needed storage space camera love amazon kindles wont buy anything else customer service always excellent thanks amazon,1,Short,1
perfect needed little upset see larger version sale right bought wish amazon automatic price change policy feel like could notified change sure return,1,Medium,1
really enjoying kindle fireit great featuresvery durablei dropped itstill works finespeakers even sound great play music amazon prime member get loads music free,0,Medium,1
wonderful kindle except battery holds charge one day otherwise complaints,1,Short,0
im enjoying replacement birthday present sons,1,Short,1
great price,1,Short,1
great kindle owned every kindle series one time another kindle reenergize quickly plugged great audiobook function problem ever kindle wish could change hand used turn pages sometimes would like turn pages left hand,1,Medium,1
works well bought thinking could hook tv display amazon prime movies tv unfortunately im sure must say somewhere fine print description capability unlike earlier models ended buy fire tv stick kindle fire quick lots things use dont mind dont like idea though appears switch amazon mail want check email kindle kind thought amazon sort thing,1,Long,1
ok price went larger screen,1,Short,0
bought girlfriend practically night day compared iphone ipad slow freezes lot things dont open pay get rid ads etc price job,0,Medium,0
enjoying kindle fire especially camera,1,Short,1
love new kindle fire hd,1,Short,1
great fun,1,Short,1
fast operationawesome display keyboard q bit clumbsy,1,Short,1
loved gift husband,0,Short,1
yes love,1,Short,1
still trying figure,1,Short,1
advertised wish available g g wifi,1,Short,1
third kindle gets better time,0,Short,1
great product date,1,Short,1
exactly advertised enjoying watching bosch immensely picture clear almost jumps page love toy,1,Short,1
nice little unit,1,Short,1
havent time really check everything happy,1,Short,1
th kindle absolutely love still figure share print pictures sd card remove print ill figure someone post answer,1,Short,1
user friendlylove,1,Short,1
nice good color well,1,Short,1
really great tablet like lot,1,Short,1
great device internet purposes well reading streaming video wish capability plugin micro sd memory card,1,Short,1
love new kindle fire hd nd kindle would definitely recommend,1,Short,1
love new kindle fire still exploring features compact user friendly hard believe features compared old ipad much bigger heavier costs least times much,1,Medium,1
amazing device much reader ability check email weather world time internet shopping play games music video skype camera etc,1,Short,1
exactly expected fast shipping,1,Short,1
love kindle great product great price shipped quickly,1,Short,1
love easy use,0,Short,1
everything need,1,Short,1
works great dish google kindle great trying get outlookcom email,1,Short,1
really loving real technology minded lots learn far basics working fine,1,Short,1
bought three year old enough said loves damaged anyway,1,Short,1
text speech function totally messed loved previous fire one nasty every time annoying chime announces email comes text speech shuts restart happens twice page miserable favorite part using fire tablet reader getting quite exasperating,1,Medium,0
rd kindle upgrade give older ones people know ever survived without,1,Short,1
excellent product couldnt live without,1,Short,1
im loving kindle fire hd great games books,1,Short,1
many ads enjoy playing words ad every word book also goes blank often turn back even though set turn cord short cannot use charging second kindle fire first user friendly print ester,1,Medium,0
love fire great speakers picture easy use,1,Short,1
love kindles,1,Short,1
im second firetook first one back email came trash folder calls callswent developers week well im back email trash folderwhat gives trying get attempt another call hour sit phone,1,Medium,0
amazing son lovedand camera wow,1,Short,1
everything need,1,Short,1
bought girlfriend use reading books playing occasional game loves great reading ebooks,0,Short,1
well worth bucks runs smooth fast amazon prime go wont bored anytime soon didnt give five stars reason battery seems run bit fast though thats case kind devices,1,Medium,1
didnt like fact couldnt download internet search engines like yahoo always comes amazoncom,1,Short,0
lovely birthday surprise,1,Short,1
bit complicated use expected got someone else use year old difficult explain get hidden home key systems menu since visible always forgetting get screen think better much younger generation,1,Medium,0
great year old,1,Short,1
expecting kindle bigger hd quality letdown keyboard barely see tell difference size want return threw away box info registered im send back dont waste money kindle old kindle fire keep much better thanthis one going back old kindle fire surewhat one disappointed,1,Medium,0
bought yearold son really great far love price love anything ipad size great charge lasts long time recharging doesnt take long son playing educational apps read books love one thing didnt realize bought fire freetime program limits childs use actually something subscribe pay thought service came device oh well still set childs profile keeps limited access thats cool still compared ipad much much cheaper good would say ipad youre getting luxury far appearances concerned great educational tool keep son engaged summer,1,Long,1
best quality tablet,1,Short,1
better hoped replaced first generation kindle fire one im happy didnt buy different make love tablet everything old one plus much,1,Medium,1
inferior comparison nexus even taking price account,1,Short,0
love love love,1,Short,1
enjoyed using hd everyday since given gift children,1,Short,1
ok service,1,Short,1
picture wonderful downloads great quick easy work amazon product love,1,Short,1
like disappointment isi cant put google hangout tablet great tablet,1,Short,0
bought grand daughter one christmas liked well buy one also one older ones still working great,1,Short,1
good sixand bigger,1,Short,1
working kindle fire great unfortunately third kindle ive owned battery first one died could charge second kindle would freeze running minutes problems could fixed best buy geek squad since foolishly get warranty useless time get warranty ill probably fine,1,Medium,1
device everything expected everything used laptop plus take photos like used smartphone must admit using ebook anything else since purchased theres nice selection kindle ebooks available free amazon fire stick app also nice feature fire hd week im still checking features however im pleased new tablet far,1,Medium,1
fantastic reading device wore nook using galaxy tab seemed waste reading perfect clear easy set navigate love,1,Short,1
like little kindle negative dont understand open email,1,Short,1
works fine first ipad,1,Short,1
love faster first addition kindle fire first one lasted almost years died slow death lasted hours go buy new one one reading problem found kindle fire go black background white letters makes easier eyes track wonderful read,1,Medium,1
excellent reader,1,Short,1
first time user type tablet found fire hd easy use simple connect wifi features included,1,Short,1
really like wish known doesnt work google play,1,Short,1
great paperwhite kindle love one let kids play games use internet happy,1,Short,1
third kindle,1,Short,1
comparing kindle verse ipad mini far like kindle fire hd much ipad books major advantage plus price difference sorry apple,1,Short,1
display outstanding images crisp clear great detail nd kindle fire ive first hd couldnt thrilled,1,Short,1
iwasnt sure would like th birthday gift far im really enjoying,1,Short,1
really loving new kindle battery die little fast sure let sit dont use like day reason close dying think may ads screensaver either pay remove deal think may remove see happens,1,Medium,1
easy use like camera plus getting email,1,Short,1
son got fire birthday loving,1,Short,1
great product compatible younger children,1,Short,1
still learning use wish come manual read,1,Short,1
bought instead paperwhite vacation new favorite toy,1,Short,1
new ie,1,Short,0
might liked fire hd ill never know arrived partial battery charge lasted long enough download movies wished take went dead left hooked charger three days never would charge sent back,1,Medium,0
fire replacement doesnt hold charge well takes forever charge back,1,Short,0
love far still learning,1,Short,1
md eyes cannot read gray black printing sensitive touch items fly something else elderly poor vision arthritic hands machine poor design would recommend different brand brighter screen quite sensitive touch,1,Medium,0
really love new kindle accessories completely overpriced also hoping would get trial period prime dont care limited apps enjoy things use,1,Medium,1
havent lot time tablet children claimed love,1,Short,1
love pleased new kindle,1,Short,1
really enjoying new kindle first kindle fire came enjoyed still works fine wasnt sure splurge new one glad impressed speed graphics sound comes dual speakers even camera like good quality tablet without high price tag,1,Medium,1
sound good kindle bought seems good,1,Short,1
love sale price cant beat,1,Short,1
great change original kindle great pleasure done purchase,1,Short,1
awesome love,1,Short,1
love new kindle fire hd kindle fire love new features upgrade,1,Short,1
online support still superior,1,Short,0
adjusting love,1,Short,1
bought daughter loves camera flexibility favorite feature,1,Short,1
excellent graphics versatile user friendly wifes asus android tablet hold charge well however sale price adequate,1,Short,1
love new fire fast screen clear favorite ever,1,Short,1
birthday gift love havent mastered yet learning,1,Short,1
love new kindle hd,0,Short,1
wish could get nook books load tablet,1,Short,1
love faster love taking pictures easier read,1,Short,1
great small tablet price would buy,1,Short,1
fire hd good larger one,1,Short,1
disappointed storage space parental controls bought year old son replace nexus st gen galaxy tab settled kindle affordable price parental controls could go back time would bought device incredibly disappointed actual storage space gb total gb nexus excess gb also found parental locks difficult set manage go several different screen set fully one scenario illustrates frustration parental controls follows son wanted set timer chore access builtin clock app alerted fact went give access app find builtin clock app show app could give access download another clock app could give access clock app recommend product,1,Long,0
traded old one love,1,Short,1
small business owner called amazon regard first kindly powering rep try resolve problem suggestion buy new kindle dud fit accessories previously purchased dismay also charged shipping fees taxes add insult injuries charging equipment,1,Medium,0
love kindle fire hd fourth fire far favorite first generation inch inch given away also nice carrying purse reading book bit small use web apps display perfect,0,Medium,1
cant download alot appstends power wants toowill recommend anyone,1,Short,0
original kindlefire handy device easy navigate negative minor one unsolicited advertising swipe reach desired goal otherwise would recommend especially travel compact weighty,1,Medium,1
year old son got birthday loves put parental settings limit long play games,1,Short,1
replaced amazon fire bigger size disappointed function thought id miss larger size smaller size convenient love,1,Short,1
second one love gave one grandson,1,Short,1
excellent far thinking ordering another one,0,Short,1
kids love,1,Short,1
play games love take play fits purse,1,Short,1
love kindle problem cant download hoopla app one reason kindle fire,1,Short,1
st generation rd generation th generation kindle first charging connector went bad could get fix got rd generation still operating gave hubby got th generation fire hd able back almost everything rd one st either way thing fast fabulous love,1,Medium,1
part everything excellent well satisfied give stars amazon restricted downloads apps except amazon stated spend money downloads opposed getting free,1,Short,1
bought tablet first foray world tablets happy surfing net tube movies books daily news firefly extremely friendly exactly need would highly recommend,1,Medium,1
disappointment dpes nonglare screen even ancient oversized kindle one,1,Short,1
really enjoying using kindle fire hd gb alot fun easy use clear,1,Short,1
best sound system tablets,1,Short,1
great tool easy navigategreat picturenice cameravery portable,1,Short,1
third kindle wouldnt keep getting didnt work well way still working great three allows keep different locations,1,Short,1
love everything need,1,Short,1
beyond expected,1,Short,1
im thrilled amazed purchased tablet less reader looking read access internet email accounts play gamesall hd im happy unit,1,Short,1
really like,1,Short,1
k firelove one,1,Short,1
love new toy,1,Short,1
typically love past kindles works fine everything except connecting wifi since kindle child wifi wanted time im hoping cleared returned first one bought problem replacement newnot refurbished could problem wifi devices phones ipad laptop able connect little trouble,1,Medium,0
bought replacement older kindle reader broken grandson couldnt happier though didnt really think needed another tablet however size easeofuse one makes great replacement light weight powerful enough great brother windows computers ipads android moto g smartphone,1,Medium,1
year old daughter loves,0,Short,1
never issue kindle year still performing solidly,1,Short,1
simple set quick response sharp display,1,Short,1
easy use touch pad wonderful sensitive like hd beautiful yet hook tv stream movies hear fire simple,1,Short,1
still learning use fire hd like far,1,Short,1
awesome havent put since received free time evening sent reading,1,Short,1
loving ease apps,1,Short,1
technology best,1,Short,1
dont think user friendlymachine getting used enough options font size comfortable hold nook tried friends nook hard understand navigate directions tutorial included,1,Medium,0
pretty good tablet better expected,1,Short,1
ease use right box clarity screen downloads excellent apps games easy find download,1,Short,1
husband purchase delighted lighter original course many services access book selections,1,Short,1
averstized nice machine,0,Short,1
first tablet purchase extremely happy quality,1,Short,1
absolutl love love love new kindle first generation kindle gave son purchased black fire hd rd generation gave husband bought pink th generation love rear face camera video wish hdmi cord outlet instead able use smart tv worth also loved got sale,1,Medium,1
user friendly like size,1,Short,1
everyone family one perfect traveling dont want take bunch books,1,Short,1
good like,1,Short,1
runs smoothly easy use connect,1,Short,1
even got use much yet already know love,1,Short,1
adult daughter birthday gift loves great value anything bigger expensive tablets,1,Short,1
love easy read night buying books snap,1,Short,1
user friendly perfect fit family love,1,Short,1
think pretty good,1,Short,1
first tablet ive really like,1,Short,1
im extremely happy kindle fire hd love screen features purchased mainly read books much along lot space,1,Short,1
replacement first kindle fire charging connection became loose kept falling replacement kindle wont hold charge continuously plugged charger inconvenient several reasons frustrating,1,Medium,0
still dont know people spend tablets thing,1,Short,1
disappointment price worth clear carousel manually forget password parental control choice given reset entire device back factory setting device almost years hundreds books loaded cant afford lose eveything forgot password also apps absolutely terrible clunky antiquated,0,Medium,0
wife likes,1,Short,1
thing worthless doesnt hardly apps available like android ios battery terrible slow went walmart picked rca tablet way,1,Short,0
works fine biggest let could open attachments email,1,Short,0
received week ago day one system update today tablet would turn sleeping modehope glitch,1,Short,0
special offers really intrusive kindle lighter old one works great problem logging going business web surfing better old one love ease use enormous selection books,1,Medium,1
order theysent donot know return guess stuck withit,0,Short,0
good stuff amazon rocks,1,Short,1
spent less money,1,Short,1
bought first kindle january im sure version would worked great reading light browsing playing games every even used college help lessen costs textbooks since digital versions much cheaper always little slow bit glitchy problems im running new version quick like new design overall reminds smart phone user friendly customize screens time around overall format separated tabs still display beautiful crisp never thought id hd display tablet fact comes different colors pretty cool feels sturdy overall earlier version glossy back pretty seems like would crack easily im really excited use often summer,1,Long,1
wonderful window great content,1,Short,1
runs slower earlier fire hd battery seems run faster well,1,Short,0
love itits like entire library finger tips,1,Short,1
commercial false advertisingmy son feet inches tall drop fire hardwood floors tablet screen shatteredwhen called amazon replacement told purchase new one even though warranty till may th worse experience ever,1,Medium,0
downside google play dont acces really good apps google play cant installs youtube app google maps apps great install rd party apps days later yo problems ting dont like carousel hate cant removed ho one thing dont like sd card slot expand memory think goin tablet install linux ubuntu think usable,0,Long,0
luv meets needsgrt ty,1,Short,1
recently bought kindle absolutely loved,1,Short,1
grandson likes much,1,Short,1
exactly needed home work,1,Short,1
love hd case bought neat little tablet,1,Short,1
upgrades prior kindle make much easier operate,1,Short,1
love fire loved last fire love next fire,1,Short,1
hoped would thank pleased really love amazon dates notifications,1,Short,1
everything pad smaller,1,Short,1
bought kindle daughter absolutely loves offers enough apps suitable providing parental control control access functions,0,Short,1
kindle fire goodme like,1,Short,1
product advertised gb holds gb clearly false advertising disgusted companies amazon resort tricking people hard earned money gb would return device time period actions expired customer doesnt access remaining gb amazon decides eat gb greedy purposes overall im dissatisfied false advertising would recommend nobody buy product fear encounter problem amazon great company seems devilish bamboozle people gb payed,1,Long,0
wonderful upgrade every two years stay date also came different color data situation tablet cant things used nd generation like using adapter connect tablet tv device,1,Medium,1
wifi disconnects high usage memory happen otherwise great device features,1,Short,0
awesome sauce,1,Short,1
wish able receive certain amount internet usage month pay needed,1,Short,1
really nice sturdy falls protects much like cell phone cover screen never touches ground light weight screen protector nice bonus doesnt get greasy smeared like screen normally would,1,Medium,1
love fire love gave stars though wish would hold charge better play games read switch halfway book laptop charge super easy use year old uses quite bit without issues take everywhere,1,Medium,1
replace device another device shipped,1,Short,0
far goof,1,Short,1
easytouse love,1,Short,1
im still reviewingmy five year old happy,1,Short,0
bought wife mothers day daughter never even held one showed quickly got set mothers day screen beautiful size quaint os feels place ads everywhere price great reading ap nice much customization would probably buy galaxy next time could see people liking,1,Medium,1
started black white kindle reader downloaded book started reading novel received fire gift wife go hospital took fire us fire let wife read web email hospital convenient back home signed amazon account immediately asked wanted continue reading novel fire clicked yes finished book nice later local weather unstable realized could see radar local tv stations web radar opened silk sure enough works well fact probably check radar every day every time try task seems fire,1,Long,1
got gift getting feel way around programming especially like able multiple users separate libraries husbands enjoying using video viewing aspect,1,Short,1
upgraded amazon fire hd st generation happy decision love goodreads integration faster speed,1,Short,1
got use different first kindle yes love,1,Short,1
great thanks everything everyone,1,Short,1
problem picture quality little clearer,1,Short,0
generally good tablet bright scratch resistant screen wife kids kids end using nexus almost often fires biggest complaints freeze reset least couple times week least week turn connected charger respond even mostly charged least games love google play store available amazon run low space wifi connection fails wife uses often book reader browser far fewer issues third party content compatibility seems biggest nemesis,1,Long,0
totally addicted best ive spent long time,1,Short,1
android tablet hardly lets anything packed brim drm garbage even apple products let customize piece work force go proxy server meaning factory reset get things working way access play store unless want root system mess rooting entire thing bricked charge magical dollars reset also heats like crazy even simple thingsif want netflix machine cheaper ereader go ahead waste money market good tablet good somewhere else,0,Long,0
trying get use easy ad hd,1,Short,0
considering kindle grafted body part,1,Short,1
tablet extraordinary addition daily schedule,1,Short,1
got seems ok heres kicker way change wall paper thing paid extra nonadvertisements wall paper package lo behold thing gets cant personalize called amazon express displeasure hold long mean personal device way simplistic goes device reason amazon seems thinks ok option included seriously considering sending back immediately due inconvenience good amazon,1,Long,0
alot learn devicehow get instruction manual,1,Short,1
works fine fits perfectly,0,Short,1
excellent product,1,Short,1
ive several tablets past tablet far easiest operate moment removed package,1,Short,1
kids older kndle fire models sons charging issues beginng amazon sent new charger fix problem finally replaced kindle new daughters kindle two years old charging issues months eventually dead nothing got phone amazon told warrenty period passed cant help actually tried sell new one right told year old kindle worthless officially lost faith amazon purchasing amazon longer spend extra money apple worth,0,Long,0
loved price item love function device would definitely buy future,1,Short,1
totally pleased product follow service provide thank much bryant dessem,1,Short,1
still learning use new kindle far gliches would like battery life longer,1,Short,1
definitely love version kindle,1,Short,1
works good,1,Short,0
bought gift daughters th birthday absolutely loves,1,Short,1
bought replace old kindle cracked fan buttons location tiny hard press also kindle gets hot fast mine come power cord also seems freeze every impressed,1,Medium,0
great product love last long,1,Short,0
first tablet couldnt happier,1,Short,1
wish never ordered main reason camera well day one battery would hold charge use read old kindle changing today buttons device quit working wish worked like first one dont know ill original gives,0,Medium,0
love kindle bought grandson mostly games hardly put,1,Short,1
device outstanding older version first came one beats handsdown th device date keep getting better pros booklike size reasonable weight extremely portable great sound especially amazon prime movies fast processor especially compared previous versions great resolution text readable everindoor see cons cons tough read sun high gloss screen creates glare grab antiglare screen protector enjoy impressive device,1,Long,1
son bought mothers day ive enjoying ever since,1,Short,1
complaints holds charge long time handy easy use,1,Short,1
ads annoying supposedly pay amazon extra money get rid basically reason cheap price amazons app store instead real google play store borders unacceptable android device looks like made well physically os decent im fan company customizing android always better left alone dumbeddown interface better companies attempts ive seen though havent yet probably try install apps available amazon app store yes lot apps missing supposedly possible install directly apk file annoying get email amazon purchase every time install free app basically like buying app amazon,1,Long,1
love fire far things need well watching movies pleasant surfing web matches tablets isnt horribly fast opening apps price cant gripe graphics marginal sound great dont use camera wish home button front hate charging port next powerfeature button top makes hard use charging watching movies otherwise great tablet size perfect carrying around tightly fit pocket yet large enough surf type,1,Long,1
works great looks great,1,Short,1
general completely dissatisfied kindle fire hd bought replace nexxus model worked great completely stopped working kindle compatible android system ways use unable use chromecast upload google play services games daughter downloaded require wifi connection operate defeats purpose us usage longer car rides wifi available configuration amazon shopping amazon app store sloppy compared standard google interface also cannot return resell amazon bought part charitable auction positive side seem built well able withstand bumps also relatively inexpensive compared others however isnt worth money doesnt function way want use,1,Long,0
love clear display features offers thing dont love hard read certain lights like beach,1,Short,1
great price powerful little tablet hd amazing,1,Short,1
ad version would better,1,Short,0
freezes twice week closes internet page without permission get notice tells restore want cant play music work previous kindle could problems kindle would show book reading home screen one backed lot info kindle maybe something didnt correctly freezing shutting affected main reason purchasing kindle expanded memory miss old kindle,1,Medium,0
absolutely love thing,1,Short,1
battery life,1,Short,0
kindle unlimited inch kindle keep getting books kindle unlimited want check list books go read anyway,1,Short,0
apps work week two reload several game apps every week,1,Short,0
unit actually wife loves however cover terribly priced plastic piece crap,1,Short,1
perfect fit easy hold,1,Short,1
love kindle keyboard years finally gave bought kindle fire hd idea much would love,1,Short,1
purchased anticipation cross country road trip im navy move every years first cross country move child also purchased case since toddlers tend throw things around especially expensive ones definitely help ability download save sesame street videos son seems enjoy minutes less gets bored people around probably good thing car longer attention span kindle hopeful move ill update move see effective kindle,1,Long,1
love second one couldnt happier,1,Short,1
great delivery product,1,Short,1
nice useful tablet reader,1,Short,1
enjoy dont know,1,Short,1
fathers day gift wife daughter made open soon arrived glad love everything,1,Short,1
fire tablets keep getting better decent price point,1,Short,1
fire week im pretty disgusted already typing slow may due low battery also got stuck black screen really like,1,Short,0
great little tablet daughter needs memory,1,Short,1
